circuit,party_code,party_name,xlsx_row,assigned_locality,app_locality_key,status,match_method,matched_clc,matched_official_names,matched_party_codes,matched_party_names,assigned_overlap_pct,spatial_candidate_clc,spatial_candidate_names,spatial_candidate_overlap_pct,mapping_consistent,geometry_valid,geometry_reason
824,06686,Rojas,2,,,blank_without_official_overlap,blank,,,,,,,,,True,True,
823,06686,Rojas,3,Rojas,06686_rojas,valid_same_party_spatial,exact_same_party,06686060,Rojas,06686,Rojas,100.0,06686060,Rojas,100.0,True,True,
825,06686,Rojas,4,,,blank_without_official_overlap,blank,,,,,,,,,True,True,
826,06686,Rojas,5,,,blank_without_official_overlap,blank,,,,,,,,,True,True,
827,06686,Rojas,6,,,blank_without_official_overlap,blank,,,,,,,,,True,True,
828,06686,Rojas,7,,,blank_without_official_overlap,blank,,,,,,,,,True,True,
829,06686,Rojas,8,,,blank_without_official_overlap,blank,,,,,,,,,True,True,
830,06686,Rojas,9,,,blank_without_official_overlap,blank,,,,,,,,,True,True,
870,06735,San Antonio De Areco,10,San Antonio de Areco,06735_san_antonio_de_areco,valid_same_party_spatial,exact_same_party,06735020,San Antonio de Areco,06735,San Antonio de Areco,1.4499,06735020,San Antonio de Areco,1.4499,True,True,
615,06511,Maipú,11,Maipú,06511_maipu,valid_same_party_spatial,exact_same_party,06511020,Maipú,06511,Maipú,99.7033,06511020,Maipú,99.7033,True,True,
616,06511,Maipú,12,,,blank_without_official_overlap,blank,,,,,,,,,True,True,
617,06511,Maipú,13,,,blank_without_official_overlap,blank,,,,,,,,,True,True,
617A,06511,Maipú,14,,,blank_without_official_overlap,blank,,,,,,,,,True,True,
933G,06791,Tandil,15,Tandil,06791_tandil,valid_same_party_spatial,exact_same_party,06791050,Tandil,06791,Tandil,10.3931,06791050,Tandil,10.3931,True,True,
933H,06791,Tandil,16,Tandil,06791_tandil,valid_same_party_spatial,exact_same_party,06791050,Tandil,06791,Tandil,2.2378,06791050,Tandil,2.2378,True,True,
933D,06791,Tandil,17,Tandil,06791_tandil,valid_same_party_spatial,exact_same_party,06791050,Tandil,06791,Tandil,5.9694,06791050,Tandil,5.9694,True,True,
933L,06791,Tandil,18,Tandil,06791_tandil,valid_same_party_spatial,exact_same_party,06791050,Tandil,06791,Tandil,4.8774,06791050,Tandil,4.8774,True,True,
933J,06791,Tandil,19,Tandil,06791_tandil,valid_same_party_spatial,exact_same_party,06791050,Tandil,06791,Tandil,1.8133,06791050,Tandil,1.8133,True,True,
933K,06791,Tandil,20,Tandil,06791_tandil,valid_same_party_spatial,exact_same_party,06791050,Tandil,06791,Tandil,2.2605,06791050,Tandil,2.2605,True,True,
933I,06791,Tandil,21,Tandil,06791_tandil,valid_same_party_spatial,exact_same_party,06791050,Tandil,06791,Tandil,2.921,06791050,Tandil,2.921,True,True,
936,06791,Tandil,22,,,blank_without_official_overlap,blank,,,,,,,,,True,True,
937,06791,Tandil,23,,,blank_without_official_overlap,blank,,,,,,,,,True,True,
939,06791,Tandil,24,,,blank_without_official_overlap,blank,,,,,,,,,True,True,
940,06791,Tandil,25,,,blank_without_official_overlap,blank,,,,,,,,,True,True,
938,06791,Tandil,26,Tandil,06791_tandil,same_party_label_without_spatial_overlap,exact_same_party,06791050,Tandil,06791,Tandil,,,,,True,True,
934,06791,Tandil,27,Tandil,06791_tandil,valid_same_party_spatial,exact_same_party,06791050,Tandil,06791,Tandil,1.043,06791050,Tandil,1.043,True,True,
935,06791,Tandil,28,Tandil,06791_tandil,valid_same_party_spatial,exact_same_party,06791050,Tandil,06791,Tandil,1.2596,06791050,Tandil,1.2596,True,True,
933A,06791,Tandil,29,Tandil,06791_tandil,valid_same_party_spatial,exact_same_party,06791050,Tandil,06791,Tandil,14.0055,06791050,Tandil,14.0055,True,True,
933B,06791,Tandil,30,Tandil,06791_tandil,valid_same_party_spatial,exact_same_party,06791050,Tandil,06791,Tandil,15.4234,06791050,Tandil,15.4234,True,True,
933F,06791,Tandil,31,Tandil,06791_tandil,valid_same_party_spatial,exact_same_party,06791050,Tandil,06791,Tandil,8.4479,06791050,Tandil,8.4479,True,True,
933E,06791,Tandil,32,Tandil,06791_tandil,valid_same_party_spatial,exact_same_party,06791050,Tandil,06791,Tandil,20.0946,06791050,Tandil,20.0946,True,True,
933C,06791,Tandil,33,Tandil,06791_tandil,valid_same_party_spatial,exact_same_party,06791050,Tandil,06791,Tandil,9.023,06791050,Tandil,9.023,True,True,
933M,06791,Tandil,34,Tandil,06791_tandil,valid_same_party_spatial,exact_same_party,06791050,Tandil,06791,Tandil,0.2148,06791050,Tandil,0.2148,True,True,
258B,06203,Coronel Suárez,35,Coronel Suárez,06203_coronel_suarez,valid_same_party_spatial,exact_same_party,06203020,Coronel Suárez,06203,Coronel Suárez,9.5927,06203020,Coronel Suárez,9.5927,True,True,
252,06203,Coronel Suárez,36,Coronel Suárez,06203_coronel_suarez,valid_same_party_spatial,exact_same_party,06203020,Coronel Suárez,06203,Coronel Suárez,83.148,06203020,Coronel Suárez,83.148,True,True,
253,06203,Coronel Suárez,37,,,blank_without_official_overlap,blank,,,,,,,,,True,True,
258C,06203,Coronel Suárez,38,,,blank_without_official_overlap,blank,,,,,,,,,True,True,
254,06203,Coronel Suárez,39,Huanguelén,06203_huanguelen,valid_same_party_spatial,exact_same_party,06203050,Huanguelén,06203,Coronel Suárez,99.5279,06203050,Huanguelén,99.5279,True,True,
255,06203,Coronel Suárez,40,,,blank_without_official_overlap,blank,,,,,,,,,True,True,
255A,06203,Coronel Suárez,41,,,blank_without_official_overlap,blank,,,,,,,,,True,True,
256,06203,Coronel Suárez,42,,,blank_without_official_overlap,blank,,,,,,,,,True,True,
256A,06203,Coronel Suárez,43,Sierra de la Ventana,06203_sierra_de_la_ventana,label_matches_other_party,exact_other_or_multiple_party,06819030,Sierra de la Ventana,06819,Tornquist,4.449,06203100,Villa Arcadia,98.8916,True,True,
257,06203,Coronel Suárez,44,,,blank_without_official_overlap,blank,,,,,,,,,True,True,
258,06203,Coronel Suárez,45,,,blank_without_official_overlap,blank,,,,,,,,,True,True,
258A,06203,Coronel Suárez,46,Coronel Suárez,06203_coronel_suarez,valid_same_party_spatial,exact_same_party,06203020,Coronel Suárez,06203,Coronel Suárez,7.2594,06203020,Coronel Suárez,7.2594,True,True,
424,06014,Adolfo Gonzales Chaves,47,Adolfo Gonzales Chaves,06014_adolfo_gonzales_chaves,valid_same_party_spatial,exact_same_party,06014010,Adolfo Gonzales Chaves,06014,Adolfo Gonzales Chaves,100.0,06014010,Adolfo Gonzales Chaves,100.0,True,True,
427,06014,Adolfo Gonzales Chaves,48,,,blank_without_official_overlap,blank,,,,,,,,,True,True,
428,06014,Adolfo Gonzales Chaves,49,,,blank_without_official_overlap,blank,,,,,,,,,True,True,
73,06056,Bahía Blanca,50,Bahía Blanca,06056_bahia_blanca,valid_same_party_spatial,exact_same_party,06056010,Bahía Blanca,06056,Bahía Blanca,3.9781,06056010,Bahía Blanca,3.9781,True,True,
74,06056,Bahía Blanca,51,Bahía Blanca,06056_bahia_blanca,valid_same_party_spatial,exact_same_party,06056010,Bahía Blanca,06056,Bahía Blanca,3.701,06056010,Bahía Blanca,3.701,True,True,
75,06056,Bahía Blanca,52,Bahía Blanca,06056_bahia_blanca,valid_same_party_spatial,exact_same_party,06056010,Bahía Blanca,06056,Bahía Blanca,3.8886,06056010,Bahía Blanca,3.8886,True,True,
76,06056,Bahía Blanca,53,Bahía Blanca,06056_bahia_blanca,valid_same_party_spatial,exact_same_party,06056010,Bahía Blanca,06056,Bahía Blanca,23.0618,06056010,Bahía Blanca,23.0618,True,True,
77,06056,Bahía Blanca,54,Bahía Blanca,06056_bahia_blanca,valid_same_party_spatial,exact_same_party,06056010,Bahía Blanca,06056,Bahía Blanca,1.4034,06056010,Bahía Blanca,1.4034,True,True,
78,06056,Bahía Blanca,55,Bahía Blanca,06056_bahia_blanca,valid_same_party_spatial,exact_same_party,06056010,Bahía Blanca,06056,Bahía Blanca,3.6594,06056010,Bahía Blanca,3.6594,True,True,
79,06056,Bahía Blanca,56,Bahía Blanca,06056_bahia_blanca,valid_same_party_spatial,exact_same_party,06056010,Bahía Blanca,06056,Bahía Blanca,1.0717,06056010,Bahía Blanca,1.0717,True,True,
72,06056,Bahía Blanca,57,Bahía Blanca,06056_bahia_blanca,valid_same_party_spatial,exact_same_party,06056010,Bahía Blanca,06056,Bahía Blanca,1.1715,06056010,Bahía Blanca,1.1715,True,True,
80,06056,Bahía Blanca,58,Cabildo,06056_cabildo,valid_same_party_spatial,exact_same_party,06056020,Cabildo,06056,Bahía Blanca,100.0,06056020,Cabildo,100.0,True,True,
83,06056,Bahía Blanca,59,Bahía Blanca,06056_bahia_blanca,valid_same_party_spatial,exact_same_party,06056010,Bahía Blanca,06056,Bahía Blanca,1.0433,06056010,Bahía Blanca,1.0433,True,True,
84,06056,Bahía Blanca,60,Bahía Blanca,06056_bahia_blanca,valid_same_party_spatial,exact_same_party,06056010,Bahía Blanca,06056,Bahía Blanca,1.2639,06056010,Bahía Blanca,1.2639,True,True,
86,06056,Bahía Blanca,61,Bahía Blanca,06056_bahia_blanca,valid_same_party_spatial,exact_same_party,06056010,Bahía Blanca,06056,Bahía Blanca,5.3717,06056010,Bahía Blanca,5.3717,True,True,
87,06056,Bahía Blanca,62,Bahía Blanca,06056_bahia_blanca,valid_same_party_spatial,exact_same_party,06056010,Bahía Blanca,06056,Bahía Blanca,2.749,06056010,Bahía Blanca,2.749,True,True,
88,06056,Bahía Blanca,63,Bahía Blanca,06056_bahia_blanca,valid_same_party_spatial,exact_same_party,06056010,Bahía Blanca,06056,Bahía Blanca,11.5982,06056030 | 06056010,General Daniel Cerri | Bahía Blanca,100.0 | 11.5982,True,True,
90,06056,Bahía Blanca,64,Bahía Blanca,06056_bahia_blanca,valid_same_party_spatial,exact_same_party,06056010,Bahía Blanca,06056,Bahía Blanca,2.7562,06056010,Bahía Blanca,2.7562,True,True,
91,06056,Bahía Blanca,65,Bahía Blanca,06056_bahia_blanca,valid_same_party_spatial,exact_same_party,06056010,Bahía Blanca,06056,Bahía Blanca,3.7444,06056010,Bahía Blanca,3.7444,True,True,
92,06056,Bahía Blanca,66,Bahía Blanca,06056_bahia_blanca,valid_same_party_spatial,exact_same_party,06056010,Bahía Blanca,06056,Bahía Blanca,5.6066,06056010,Bahía Blanca,5.6066,True,True,
93,06056,Bahía Blanca,67,Bahía Blanca,06056_bahia_blanca,valid_same_party_spatial,exact_same_party,06056010,Bahía Blanca,06056,Bahía Blanca,2.6014,06056010,Bahía Blanca,2.6014,True,True,
305,06280,General Alvarado,68,El Marquesado,06280_el_marquesado,label_matches_other_party,exact_other_or_multiple_party,06357090,El Marquesado,06357,General Pueyrredón,0.2908,06280040,Miramar,99.4523,True,True,
306,06280,General Alvarado,69,Comandante Nicanor Otamendi,06280_comandante_nicanor_otamendi,valid_same_party_spatial,exact_same_party,06280010,Comandante Nicanor Otamendi,06280,General Alvarado,100.0,06280010,Comandante Nicanor Otamendi,100.0,True,True,
307,06280,General Alvarado,70,,,blank_without_official_overlap,blank,,,,,,,,,True,True,
308,06280,General Alvarado,71,,,blank_without_official_overlap,blank,,,,,,,,,True,True,
309,06280,General Alvarado,72,,,blank_without_official_overlap,blank,,,,,,,,,True,True,
619,06518,Mar Chiquita,73,Coronel Vidal,06518_coronel_vidal,valid_same_party_spatial,exact_same_party,06518010,Coronel Vidal,06518,Mar Chiquita,100.0,06518010,Coronel Vidal,100.0,True,True,
620,06518,Mar Chiquita,74,General Pirán,06518_general_piran,valid_same_party_spatial,exact_same_party,06518020,General Pirán,06518,Mar Chiquita,100.0,06518020,General Pirán,100.0,True,True,
621,06518,Mar Chiquita,75,,,blank_without_official_overlap,blank,,,,,,,,,True,True,
621A,06518,Mar Chiquita,76,,,blank_without_official_overlap,blank,,,,,,,,,True,True,
622,06518,Mar Chiquita,77,Santa Clara del Mar,06518_santa_clara_del_mar,valid_same_party_spatial,exact_same_party,06518060,Santa Clara del Mar,06518,Mar Chiquita,19.3034,06518060,Santa Clara del Mar,19.3034,True,True,
622A,06518,Mar Chiquita,78,Santa Clara del Mar,06518_santa_clara_del_mar,valid_same_party_spatial,exact_same_party,06518060,Santa Clara del Mar,06518,Mar Chiquita,80.6966,06518060,Santa Clara del Mar,80.6966,True,True,
622B,06518,Mar Chiquita,79,,,blank_without_official_overlap,blank,,,,,,,,,True,True,
339A,06644,Pinamar,80,,,blank_with_official_overlap,blank,,,,,,06644010,Pinamar,12.9304,True,True,
339C,06644,Pinamar,81,,,blank_with_official_overlap,blank,,,,,,06644010,Pinamar,20.5397,True,True,
339B,06644,Pinamar,82,,,blank_with_official_overlap,blank,,,,,,06644010,Pinamar,13.3484,True,True,
337C,06420,La Costa,83,Mar del Tuyú - Mar de Ajó - San Bernardo,06420_mar_del_tuyu_mar_de_ajo_san_bernardo,valid_same_party_spatial,exact_same_party,06420040,Mar del Tuyú - Mar de Ajó - San Bernardo,06420,La Costa,20.7834,06420040,Mar del Tuyú - Mar de Ajó - San Bernardo,20.7834,True,True,
792,06091,Berazategui,84,Berazategui,06091_berazategui,valid_same_party_spatial,exact_same_party,06091010,Berazategui,06091,Berazategui,40.4326,06091010,Berazategui,40.4326,True,True,
345,06343,General Paz,85,Ranchos,06343_ranchos,valid_same_party_spatial,exact_same_party,06343030,Ranchos,06343,General Paz,80.2924,06343030,Ranchos,80.2924,True,True,
346,06343,General Paz,86,Ranchos,06343_ranchos,valid_same_party_spatial,exact_same_party,06343030,Ranchos,06343,General Paz,19.7076,06343030,Ranchos,19.7076,True,True,
347,06343,General Paz,87,,,blank_without_official_overlap,blank,,,,,,,,,True,True,
348,06343,General Paz,88,,,blank_without_official_overlap,blank,,,,,,,,,True,True,
349,06343,General Paz,89,,,blank_without_official_overlap,blank,,,,,,,,,True,True,
350,06343,General Paz,90,,,blank_without_official_overlap,blank,,,,,,,,,True,True,
351,06343,General Paz,91,,,blank_without_official_overlap,blank,,,,,,,,,True,True,
352,06343,General Paz,92,,,blank_without_official_overlap,blank,,,,,,,,,True,True,
327,06308,General Guido,93,,,blank_without_official_overlap,blank,,,,,,,,,True,True,
328,06308,General Guido,94,,,blank_without_official_overlap,blank,,,,,,,,,True,True,
326,06308,General Guido,95,Maipú,06308_maipu,label_matches_other_party,exact_other_or_multiple_party,06511020,Maipú,06511,Maipú,0.2967,,,,True,True,
340,06315,General Juan Madariaga,96,General Juan Madariaga,06315_general_juan_madariaga,valid_same_party_spatial,exact_same_party,06315010,General Juan Madariaga,06315,General Juan Madariaga,62.2278,06315010,General Juan Madariaga,62.2278,True,True,
341,06315,General Juan Madariaga,97,,,blank_without_official_overlap,blank,,,,,,,,,True,True,
342,06315,General Juan Madariaga,98,Divisadero,06315_divisadero,valid_same_party_spatial,exact_same_party,06315020,Divisadero,06315,General Juan Madariaga,100.0,06315020 | 06315010,Divisadero | General Juan Madariaga,100.0 | 37.7722,True,True,
343,06315,General Juan Madariaga,99,Villa Gesell,06315_villa_gesell,label_matches_other_party,exact_other_or_multiple_party,06868020,Villa Gesell,06868,Villa Gesell,0.5492,,,,True,True,
810,06672,Rauch,100,,,blank_without_official_overlap,blank,,,,,,,,,True,True,
812,06672,Rauch,101,Rauch,06672_rauch,valid_same_party_spatial,exact_same_party,06672010,Rauch,06672,Rauch,1.2626,06672010,Rauch,1.2626,True,True,
808,06672,Rauch,102,,,blank_without_official_overlap,blank,,,,,,,,,True,True,
809,06672,Rauch,103,,,blank_without_official_overlap,blank,,,,,,,,,True,True,
806,06672,Rauch,104,Rauch,06672_rauch,valid_same_party_spatial,exact_same_party,06672010,Rauch,06672,Rauch,98.7374,06672010,Rauch,98.7374,True,True,
807,06672,Rauch,105,,,blank_without_official_overlap,blank,,,,,,,,,True,True,
811,06672,Rauch,106,,,blank_without_official_overlap,blank,,,,,,,,,True,True,
813,06672,Rauch,107,,,blank_without_official_overlap,blank,,,,,,,,,True,True,
242,06196,Coronel Pringles,108,,,blank_without_official_overlap,blank,,,,,,,,,True,True,
240,06196,Coronel Pringles,109,Coronel Pringles,06196_coronel_pringles,valid_same_party_spatial,exact_same_party,06196010,Coronel Pringles,06196,Coronel Pringles,100.0,06196010,Coronel Pringles,100.0,True,True,
241,06196,Coronel Pringles,110,,,blank_without_official_overlap,blank,,,,,,,,,True,True,
243,06196,Coronel Pringles,111,,,blank_without_official_overlap,blank,,,,,,,,,True,True,
244,06196,Coronel Pringles,112,,,blank_without_official_overlap,blank,,,,,,,,,True,True,
245,06196,Coronel Pringles,113,,,blank_without_official_overlap,blank,,,,,,,,,True,True,
246,06196,Coronel Pringles,114,,,blank_without_official_overlap,blank,,,,,,,,,True,True,
356,06351,General Pinto,115,,,blank_without_official_overlap,blank,,,,,,,,,True,True,
360,06351,General Pinto,116,,,blank_without_official_overlap,blank,,,,,,,,,True,True,
359,06351,General Pinto,117,,,blank_without_official_overlap,blank,,,,,,,,,True,True,
354,06351,General Pinto,118,General Pinto,06351_general_pinto,valid_same_party_spatial,exact_same_party,06351020,General Pinto,06351,General Pinto,100.0,06351020,General Pinto,100.0,True,True,
355,06351,General Pinto,119,,,blank_without_official_overlap,blank,,,,,,,,,True,True,
975B,06833,Tres Arroyos,120,,,blank_without_official_overlap,blank,,,,,,,,,True,True,
232,06189,Coronel Dorrego,121,Coronel Dorrego,06189_coronel_dorrego,valid_same_party_spatial,exact_same_party,06189030,Coronel Dorrego,06189,Coronel Dorrego,100.0,06189030,Coronel Dorrego,100.0,True,True,
236A,06189,Coronel Dorrego,122,,,blank_without_official_overlap,blank,,,,,,,,,True,True,
237,06189,Coronel Dorrego,123,,,blank_without_official_overlap,blank,,,,,,,,,True,True,
237A,06189,Coronel Dorrego,124,,,blank_without_official_overlap,blank,,,,,,,,,True,True,
232A,06189,Coronel Dorrego,125,,,blank_without_official_overlap,blank,,,,,,,,,True,True,
233,06189,Coronel Dorrego,126,,,blank_without_official_overlap,blank,,,,,,,,,True,True,
234,06189,Coronel Dorrego,127,,,blank_without_official_overlap,blank,,,,,,,,,True,True,
235,06189,Coronel Dorrego,128,,,blank_without_official_overlap,blank,,,,,,,,,True,True,
236,06189,Coronel Dorrego,129,,,blank_without_official_overlap,blank,,,,,,,,,True,True,
238,06189,Coronel Dorrego,130,,,blank_without_official_overlap,blank,,,,,,,,,True,True,
686,06581,Necochea,131,Necochea - Quequén,06581_necochea_quequen,valid_same_party_spatial,exact_same_party,06581040,Necochea ? Quequén,06581,Necochea,48.7426,06581040,Necochea ? Quequén,48.7426,True,True,
686A,06581,Necochea,132,Necochea - Quequén,06581_necochea_quequen,valid_same_party_spatial,exact_same_party,06581040,Necochea ? Quequén,06581,Necochea,51.0305,06581040,Necochea ? Quequén,51.0305,True,True,
687,06581,Necochea,133,Nicanor Olivera,06581_nicanor_olivera,valid_same_party_spatial,exact_same_party,06581050,Nicanor Olivera,06581,Necochea,100.0,06581050,Nicanor Olivera,100.0,True,True,
688,06581,Necochea,134,,,blank_without_official_overlap,blank,,,,,,,,,True,True,
689,06581,Necochea,135,,,blank_without_official_overlap,blank,,,,,,,,,True,True,
691,06581,Necochea,136,Juan N. Fernandez,06581_juan_n_fernandez,valid_same_party_spatial,exact_same_party,06581030,Juan N. Fernández,06581,Necochea,100.0,06581030,Juan N. Fernández,100.0,True,True,
691A,06581,Necochea,137,,,blank_without_official_overlap,blank,,,,,,,,,True,True,
692,06581,Necochea,138,,,blank_without_official_overlap,blank,,,,,,,,,True,True,
207L,06466,Lezama,139,Lezama,06466_lezama,valid_same_party_spatial,exact_same_party,06466010,Lezama,06466,Lezama,100.0,06466010,Lezama,100.0,True,True,
206,06218,Chascomús,140,,,blank_without_official_overlap,blank,,,,,,,,,True,True,
203,06218,Chascomús,141,Chascomús,06218_chascomus,valid_same_party_spatial,exact_same_party,06218010,Chascomús,06218,Chascomús,10.9036,06218010,Chascomús,10.9036,True,True,
204,06218,Chascomús,142,,,blank_without_official_overlap,blank,,,,,,,,,True,True,
205,06218,Chascomús,143,,,blank_without_official_overlap,blank,,,,,,,,,True,True,
209,06218,Chascomús,144,,,blank_without_official_overlap,blank,,,,,,,,,True,True,
209A,06218,Chascomús,145,,,blank_without_official_overlap,blank,,,,,,,,,True,True,
2,06007,Adolfo Alsina,146,Carhué,06007_carhue,valid_same_party_spatial,exact_same_party,06007010,Carhué,06007,Adolfo Alsina,4.2946,06007010,Carhué,4.2946,True,True,
3,06007,Adolfo Alsina,147,Rivera,06007_rivera,valid_same_party_spatial,exact_same_party,06007080,Rivera,06007,Adolfo Alsina,100.0,06007080,Rivera,100.0,True,True,
4,06007,Adolfo Alsina,148,,,blank_without_official_overlap,blank,,,,,,,,,True,True,
5,06007,Adolfo Alsina,149,,,blank_without_official_overlap,blank,,,,,,,,,True,True,
6,06007,Adolfo Alsina,150,,,blank_without_official_overlap,blank,,,,,,,,,True,True,
7,06007,Adolfo Alsina,151,,,blank_without_official_overlap,blank,,,,,,,,,True,True,
1,06007,Adolfo Alsina,152,Carhué,06007_carhue,valid_same_party_spatial,exact_same_party,06007010,Carhué,06007,Adolfo Alsina,95.7054,06007010,Carhué,95.7054,True,True,
1009,06875,Villarino,153,Mayor Buratovich,06875_mayor_buratovich,same_party_label_without_spatial_overlap,exact_same_party,06875050,Mayor Buratovich,06875,Villarino,,,,,True,True,
1010,06875,Villarino,154,Mayor Buratovich,06875_mayor_buratovich,valid_same_party_spatial,exact_same_party,06875050,Mayor Buratovich,06875,Villarino,99.9218,06875050,Mayor Buratovich,99.9218,True,True,
411,06392,General Villegas,155,General Villegas,06392_general_villegas,valid_same_party_spatial,exact_same_party,06392050,General Villegas,06392,General Villegas,100.0,06392050,General Villegas,100.0,True,True,
412,06392,General Villegas,156,,,blank_without_official_overlap,blank,,,,,,,,,True,True,
413,06392,General Villegas,157,,,blank_without_official_overlap,blank,,,,,,,,,True,True,
414,06392,General Villegas,158,,,blank_without_official_overlap,blank,,,,,,,,,True,True,
415,06392,General Villegas,159,Emilio V. Bunge,06392_emilio_v_bunge,valid_same_party_spatial,exact_same_party,06392040,Emilio V. Bunge,06392,General Villegas,100.0,06392040,Emilio V. Bunge,100.0,True,True,
416,06392,General Villegas,160,Piedritas,06392_piedritas,valid_same_party_spatial,exact_same_party,06392080,Piedritas,06392,General Villegas,100.0,06392080,Piedritas,100.0,True,True,
417,06392,General Villegas,161,,,blank_without_official_overlap,blank,,,,,,,,,True,True,
418,06392,General Villegas,162,,,blank_without_official_overlap,blank,,,,,,,,,True,True,
419,06392,General Villegas,163,,,blank_without_official_overlap,blank,,,,,,,,,True,True,
420,06392,General Villegas,164,,,blank_without_official_overlap,blank,,,,,,,,,True,True,
743,06616,Pellegrini,165,Pellegrini,06616_pellegrini,valid_same_party_spatial,exact_same_party,06616030,Pellegrini,06616,Pellegrini,100.0,06616030,Pellegrini,100.0,True,True,
782,06651,Puán,166,,,blank_without_official_overlap,blank,,,,,,,,,True,True,
777,06651,Puán,167,Darregueira,06651_darregueira,valid_same_party_spatial,exact_same_party,06651030,Darregueira,06651,Puán,100.0,06651030,Darregueira,100.0,True,True,
777A,06651,Puán,168,,,blank_without_official_overlap,blank,,,,,,,,,True,True,
778,06651,Puán,169,,,blank_without_official_overlap,blank,,,,,,,,,True,True,
776,06651,Puán,170,Puan,06651_puan,valid_same_party_spatial,exact_same_party,06651080,Puan,06651,Puán,100.0,06651080,Puan,100.0,True,True,
779,06651,Puán,171,,,blank_without_official_overlap,blank,,,,,,,,,True,True,
780,06651,Puán,172,,,blank_without_official_overlap,blank,,,,,,,,,True,True,
781,06651,Puán,173,,,blank_without_official_overlap,blank,,,,,,,,,True,True,
430,06399,Guaminí,174,Guaminí,06399_guamini,valid_same_party_spatial,exact_same_party,06399040,Guaminí,06399,Guaminí,100.0,06399040,Guaminí,100.0,True,True,
431,06399,Guaminí,175,Casbas,06399_casbas,valid_same_party_spatial,exact_same_party,06399020,Casbas,06399,Guaminí,99.2879,06399020,Casbas,99.2879,True,True,
432,06399,Guaminí,176,,,blank_without_official_overlap,blank,,,,,,,,,True,True,
434,06399,Guaminí,177,Casbas,06399_casbas,valid_same_party_spatial,exact_same_party,06399020,Casbas,06399,Guaminí,0.7121,06399020,Casbas,0.7121,True,True,
410,06385,General Viamonte,178,,,blank_without_official_overlap,blank,,,,,,,,,True,True,
404,06385,General Viamonte,179,Los Toldos,06385_los_toldos,valid_same_party_spatial,exact_same_party,06385030,Los Toldos,06385,General Viamonte,91.3679,06385030,Los Toldos,91.3679,True,True,
405,06385,General Viamonte,180,Los Toldos,06385_los_toldos,valid_same_party_spatial,exact_same_party,06385030,Los Toldos,06385,General Viamonte,3.0021,06385030,Los Toldos,3.0021,True,True,
406,06385,General Viamonte,181,,,blank_without_official_overlap,blank,,,,,,,,,True,True,
407,06385,General Viamonte,182,,,blank_without_official_overlap,blank,,,,,,,,,True,True,
408,06385,General Viamonte,183,Baigorrita,06385_baigorrita,valid_same_party_spatial,exact_same_party,06385010,Baigorrita,06385,General Viamonte,99.0113,06385010,Baigorrita,99.0113,True,True,
409,06385,General Viamonte,184,Los Toldos,06385_los_toldos,valid_same_party_spatial,exact_same_party,06385030,Los Toldos,06385,General Viamonte,5.63,06385030,Los Toldos,5.63,True,True,
187,06168,Castelli,185,,,blank_without_official_overlap,blank,,,,,,,,,True,True,
186,06168,Castelli,186,,,blank_without_official_overlap,blank,,,,,,,,,True,True,
185,06168,Castelli,187,Castelli,06168_castelli,valid_same_party_spatial,exact_same_party,06168010,Castelli,06168,Castelli,100.0,06168010,Castelli,100.0,True,True,
196,06210,Chacabuco,188,Chacabuco,06210_chacabuco,valid_same_party_spatial,exact_same_party,06210020,Chacabuco,06210,Chacabuco,0.1372,06210020,Chacabuco,0.1372,True,True,
196A,06210,Chacabuco,189,,,blank_without_official_overlap,blank,,,,,,,,,True,True,
198,06210,Chacabuco,190,,,blank_without_official_overlap,blank,,,,,,,,,True,True,
197,06210,Chacabuco,191,,,blank_without_official_overlap,blank,,,,,,,,,True,True,
189,06210,Chacabuco,192,Chacabuco,06210_chacabuco,valid_same_party_spatial,exact_same_party,06210020,Chacabuco,06210,Chacabuco,99.8004,06210020,Chacabuco,99.8004,True,True,
190,06210,Chacabuco,193,,,blank_without_official_overlap,blank,,,,,,,,,True,True,
191,06210,Chacabuco,194,,,blank_without_official_overlap,blank,,,,,,,,,True,True,
192,06210,Chacabuco,195,,,blank_without_official_overlap,blank,,,,,,,,,True,True,
193,06210,Chacabuco,196,,,blank_without_official_overlap,blank,,,,,,,,,True,True,
194,06210,Chacabuco,197,Chacabuco,06210_chacabuco,same_party_label_without_spatial_overlap,exact_same_party,06210020,Chacabuco,06210,Chacabuco,,,,,True,True,
195,06210,Chacabuco,198,,,blank_without_official_overlap,blank,,,,,,,,,True,True,
149,06119,Brandsen,199,Campos de Roca - Posada de Los Lagos,06119_campos_de_roca_posada_de_los_lagos,valid_same_party_spatial,exact_same_party,06119045,Campos de Roca - Posada de Los Lagos,06119,Brandsen,99.8358,06119045,Campos de Roca - Posada de Los Lagos,99.8358,True,True,
148,06119,Brandsen,200,Barrio Parque Las Acacias,06119_barrio_parque_las_acacias,valid_same_party_spatial,exact_same_party,06119040,Barrio Parque Las Acacias,06119,Brandsen,99.7401,06119040 | 06119050,Barrio Parque Las Acacias | Brandsen,99.7401 | 99.6357,True,True,
150,06119,Brandsen,201,Brandsen,06119_brandsen,valid_same_party_spatial,exact_same_party,06119050,Brandsen,06119,Brandsen,0.3643,06119070 | 06119050,Jeppener | Brandsen,99.8423 | 0.3643,True,True,
152,06119,Brandsen,202,Jeppener,06119_jeppener,valid_same_party_spatial,exact_same_party,06119070,Jeppener,06119,Brandsen,0.1577,06119070,Jeppener,0.1577,True,True,
153,06119,Brandsen,203,,,blank_without_official_overlap,blank,,,,,,,,,True,True,
153A,06119,Brandsen,204,,,blank_without_official_overlap,blank,,,,,,,,,True,True,
444,06413,Junín,205,Junín,06413_junin,valid_same_party_spatial,exact_same_party,06413050,Junín,06413,Junín,34.1623,06413050,Junín,34.1623,True,True,
445,06413,Junín,206,Junín,06413_junin,valid_same_party_spatial,exact_same_party,06413050,Junín,06413,Junín,19.4062,06413050,Junín,19.4062,True,True,
446,06413,Junín,207,Junín,06413_junin,valid_same_party_spatial,exact_same_party,06413050,Junín,06413,Junín,30.2057,06413050,Junín,30.2057,True,True,
447,06413,Junín,208,Junín,06413_junin,valid_same_party_spatial,exact_same_party,06413050,Junín,06413,Junín,14.4078,06413050,Junín,14.4078,True,True,
448,06413,Junín,209,Baigorrita,06413_baigorrita,label_matches_other_party,exact_other_or_multiple_party,06385010,Baigorrita,06385,General Viamonte,0.9887,06413050,Junín,1.8115,True,True,
449,06413,Junín,210,Junín,06413_junin,same_party_label_without_spatial_overlap,exact_same_party,06413050,Junín,06413,Junín,,,,,True,True,
450,06413,Junín,211,,,blank_without_official_overlap,blank,,,,,,,,,True,True,
451,06413,Junín,212,,,blank_without_official_overlap,blank,,,,,,,,,True,True,
452,06413,Junín,213,,,blank_without_official_overlap,blank,,,,,,,,,True,True,
453,06413,Junín,214,,,blank_without_official_overlap,blank,,,,,,,,,True,True,
454,06413,Junín,215,Junín,06413_junin,same_party_label_without_spatial_overlap,exact_same_party,06413050,Junín,06413,Junín,,,,,True,True,
455,06413,Junín,216,,,blank_without_official_overlap,blank,,,,,,,,,True,True,
456,06413,Junín,217,,,blank_without_official_overlap,blank,,,,,,,,,True,True,
211,06224,Chivilcoy,218,Chivilcoy,06224_chivilcoy,valid_same_party_spatial,exact_same_party,06224010,Chivilcoy,06224,Chivilcoy,96.0112,06224010,Chivilcoy,96.0112,True,True,
212,06224,Chivilcoy,219,,,blank_without_official_overlap,blank,,,,,,,,,True,True,
213,06224,Chivilcoy,220,,,blank_without_official_overlap,blank,,,,,,,,,True,True,
214,06224,Chivilcoy,221,,,blank_without_official_overlap,blank,,,,,,,,,True,True,
215,06224,Chivilcoy,222,Chivilcoy,06224_chivilcoy,valid_same_party_spatial,exact_same_party,06224010,Chivilcoy,06224,Chivilcoy,1.067,06224010,Chivilcoy,1.067,True,True,
216,06224,Chivilcoy,223,,,blank_without_official_overlap,blank,,,,,,,,,True,True,
217,06224,Chivilcoy,224,,,blank_without_official_overlap,blank,,,,,,,,,True,True,
218,06224,Chivilcoy,225,,,blank_without_official_overlap,blank,,,,,,,,,True,True,
219,06224,Chivilcoy,226,Chivilcoy,06224_chivilcoy,valid_same_party_spatial,exact_same_party,06224010,Chivilcoy,06224,Chivilcoy,2.9218,06224010,Chivilcoy,2.9218,True,True,
220,06224,Chivilcoy,227,,,blank_without_official_overlap,blank,,,,,,,,,True,True,
221,06224,Chivilcoy,228,,,blank_without_official_overlap,blank,,,,,,,,,True,True,
222,06224,Chivilcoy,229,Moquehuá,06224_moquehua,valid_same_party_spatial,exact_same_party,06224050,Moquehuá,06224,Chivilcoy,99.0956,06224050,Moquehuá,99.0956,True,True,
223,06224,Chivilcoy,230,Moquehuá,06224_moquehua,valid_same_party_spatial,exact_same_party,06224050,Moquehuá,06224,Chivilcoy,0.9044,06224050,Moquehuá,0.9044,True,True,
224,06224,Chivilcoy,231,,,blank_without_official_overlap,blank,,,,,,,,,True,True,
225,06224,Chivilcoy,232,,,blank_without_official_overlap,blank,,,,,,,,,True,True,
226,06224,Chivilcoy,233,,,blank_without_official_overlap,blank,,,,,,,,,True,True,
13,06021,Alberti,234,,,blank_without_official_overlap,blank,,,,,,,,,True,True,
14,06021,Alberti,235,,,blank_without_official_overlap,blank,,,,,,,,,True,True,
15,06021,Alberti,236,,,blank_without_official_overlap,blank,,,,,,,,,True,True,
10,06021,Alberti,237,Alberti,06021_alberti,valid_same_party_spatial,exact_same_party,06021010,Alberti,06021,Alberti,100.0,06021010,Alberti,100.0,True,True,
11,06021,Alberti,238,Mechita,06021_mechita,valid_same_party_spatial,exact_same_party,06021030,Mechita,06021,Alberti,51.7932,06021030,Mechita,51.7932,True,True,
12,06021,Alberti,239,,,blank_without_official_overlap,blank,,,,,,,,,True,True,
138,06112,Bragado,240,,,blank_without_official_overlap,blank,,,,,,,,,True,True,
139,06112,Bragado,241,Bragado,06112_bragado,valid_same_party_spatial,exact_same_party,06112020,Bragado,06112,Bragado,0.4321,06112020,Bragado,0.4321,True,True,
140,06112,Bragado,242,,,blank_without_official_overlap,blank,,,,,,,,,True,True,
141,06112,Bragado,243,,,blank_without_official_overlap,blank,,,,,,,,,True,True,
142,06112,Bragado,244,,,blank_without_official_overlap,blank,,,,,,,,,True,True,
143,06112,Bragado,245,Eduardo O'Brien,06112_eduardo_o_brien,valid_same_party_spatial,exact_same_party,06112040,Eduardo O'Brien,06112,Bragado,100.0,06112040,Eduardo O'Brien,100.0,True,True,
137,06112,Bragado,246,Mechita,06112_mechita,valid_same_party_spatial,exact_same_party,06112080,Mechita,06112,Bragado,100.0,06112080 | 06112020,Mechita | Bragado,100.0 | 23.8004,True,True,
136,06112,Bragado,247,Bragado,06112_bragado,valid_same_party_spatial,exact_same_party,06112020,Bragado,06112,Bragado,75.7675,06112020,Bragado,75.7675,True,True,
144,06112,Bragado,248,,,blank_without_official_overlap,blank,,,,,,,,,True,True,
145,06112,Bragado,249,,,blank_without_official_overlap,blank,,,,,,,,,True,True,
547,06329,General Las Heras,250,Barrio Santa Rosa,06329_barrio_santa_rosa,label_matches_other_party,exact_other_or_multiple_party,06525010,Barrio Santa Rosa,06525,Marcos Paz,,06329020,General Las Heras,100.0,True,True,
548,06329,General Las Heras,251,,,blank_without_official_overlap,blank,,,,,,,,,True,True,
548A,06329,General Las Heras,252,,,blank_without_official_overlap,blank,,,,,,,,,True,True,
548B,06329,General Las Heras,253,,,blank_without_official_overlap,blank,,,,,,,,,True,True,
624,06525,Marcos Paz,254,La Matanza,06525_la_matanza,label_matches_other_party,exact_other_or_multiple_party,06427010,La Matanza,06427,La Matanza,,06525020,Marcos Paz,99.8107,True,True,
169,06154,Carlos Tejedor,255,Carlos Tejedor,06154_carlos_tejedor,valid_same_party_spatial,exact_same_party,06154010,Carlos Tejedor,06154,Carlos Tejedor,100.0,06154010,Carlos Tejedor,100.0,True,True,
170,06154,Carlos Tejedor,256,,,blank_without_official_overlap,blank,,,,,,,,,True,True,
171,06154,Carlos Tejedor,257,,,blank_without_official_overlap,blank,,,,,,,,,True,True,
173,06154,Carlos Tejedor,258,Tres Algarrobos,06154_tres_algarrobos,valid_same_party_spatial,exact_same_party,06154050,Tres Algarrobos,06154,Carlos Tejedor,100.0,06154050,Tres Algarrobos,100.0,True,True,
980,06854,25 De Mayo,259,25 de Mayo,06854_veinticinco_de_mayo,valid_same_party_spatial,exact_same_party,06854100,25 de Mayo,06854,25 de Mayo,100.0,06854100,25 de Mayo,100.0,True,True,
989,06854,25 De Mayo,260,,,blank_without_official_overlap,blank,,,,,,,,,True,True,
990,06854,25 De Mayo,261,,,blank_without_official_overlap,blank,,,,,,,,,True,True,
698,06588,9 De Julio,262,,,blank_without_official_overlap,blank,,,,,,,,,True,True,
699,06588,9 De Julio,263,,,blank_without_official_overlap,blank,,,,,,,,,True,True,
709,06588,9 De Julio,264,,,blank_without_official_overlap,blank,,,,,,,,,True,True,
696,06588,9 De Julio,265,9 de Julio,06588_nueve_de_julio,valid_same_party_spatial,exact_same_party,06588100,9 de Julio,06588,9 de Julio,93.8601,06588100,9 de Julio,93.8601,True,True,
697,06588,9 De Julio,266,,,blank_without_official_overlap,blank,,,,,,,,,True,True,
700,06588,9 De Julio,267,,,blank_without_official_overlap,blank,,,,,,,,,True,True,
701,06588,9 De Julio,268,,,blank_without_official_overlap,blank,,,,,,,,,True,True,
701A,06588,9 De Julio,269,,,blank_without_official_overlap,blank,,,,,,,,,True,True,
703,06588,9 De Julio,270,,,blank_without_official_overlap,blank,,,,,,,,,True,True,
704,06588,9 De Julio,271,,,blank_without_official_overlap,blank,,,,,,,,,True,True,
705,06588,9 De Julio,272,,,blank_without_official_overlap,blank,,,,,,,,,True,True,
705A,06588,9 De Julio,273,9 de Julio,06588_nueve_de_julio,valid_same_party_spatial,exact_same_party,06588100,9 de Julio,06588,9 de Julio,6.1399,06588100,9 de Julio,6.1399,True,True,
706,06588,9 De Julio,274,Dudignac,06588_dudignac,valid_same_party_spatial,exact_same_party,06588040,Dudignac,06588,9 de Julio,100.0,06588040,Dudignac,100.0,True,True,
707,06588,9 De Julio,275,,,blank_without_official_overlap,blank,,,,,,,,,True,True,
708,06588,9 De Julio,276,,,blank_without_official_overlap,blank,,,,,,,,,True,True,
734,06609,Pehuajó,277,Pehuajó,06609_pehuajo,valid_same_party_spatial,exact_same_party,06609080,Pehuajó,06609,Pehuajó,99.9457,06609080,Pehuajó,99.9457,True,True,
734A,06609,Pehuajó,278,Pehuajó,06609_pehuajo,same_party_label_without_spatial_overlap,exact_same_party,06609080,Pehuajó,06609,Pehuajó,,,,,True,True,
735,06609,Pehuajó,279,,,blank_without_official_overlap,blank,,,,,,,,,True,True,
736,06609,Pehuajó,280,,,blank_without_official_overlap,blank,,,,,,,,,True,True,
738,06609,Pehuajó,281,,,blank_without_official_overlap,blank,,,,,,,,,True,True,
738A,06609,Pehuajó,282,,,blank_without_official_overlap,blank,,,,,,,,,True,True,
739,06609,Pehuajó,283,,,blank_without_official_overlap,blank,,,,,,,,,True,True,
740,06609,Pehuajó,284,,,blank_without_official_overlap,blank,,,,,,,,,True,True,
741,06609,Pehuajó,285,,,blank_without_official_overlap,blank,,,,,,,,,True,True,
320,06301,General Belgrano,286,General Belgrano,06301_general_belgrano,valid_same_party_spatial,exact_same_party,06301010,General Belgrano,06301,General Belgrano,99.7812,06301010,General Belgrano,99.7812,True,True,
321,06301,General Belgrano,287,,,blank_without_official_overlap,blank,,,,,,,,,True,True,
322,06301,General Belgrano,288,,,blank_without_official_overlap,blank,,,,,,,,,True,True,
323,06301,General Belgrano,289,,,blank_without_official_overlap,blank,,,,,,,,,True,True,
324,06301,General Belgrano,290,,,blank_without_official_overlap,blank,,,,,,,,,True,True,
656,06547,Monte,291,San Miguel del Monte,06547_san_miguel_del_monte,valid_same_party_spatial,exact_same_party,06547020,San Miguel del Monte,06547,Monte,97.9814,06547020,San Miguel del Monte,97.9814,True,True,
657,06547,Monte,292,,,blank_without_official_overlap,blank,,,,,,,,,True,True,
658,06547,Monte,293,,,blank_without_official_overlap,blank,,,,,,,,,True,True,
659,06547,Monte,294,,,blank_without_official_overlap,blank,,,,,,,,,True,True,
660,06547,Monte,295,San Miguel del Monte,06547_san_miguel_del_monte,valid_same_party_spatial,exact_same_party,06547020,San Miguel del Monte,06547,Monte,2.0186,06547020,San Miguel del Monte,2.0186,True,True,
661,06547,Monte,296,,,blank_without_official_overlap,blank,,,,,,,,,True,True,
662,06547,Monte,297,General Belgrano,06547_general_belgrano,label_matches_other_party,exact_other_or_multiple_party,06301010,General Belgrano,06301,General Belgrano,0.2188,,,,True,True,
837,06693,Roque Pérez,298,,,blank_without_official_overlap,blank,,,,,,,,,True,True,
835,06693,Roque Pérez,299,,,blank_without_official_overlap,blank,,,,,,,,,True,True,
832,06693,Roque Pérez,300,Roque Pérez,06693_roque_perez,valid_same_party_spatial,exact_same_party,06693020,Roque Pérez,06693,Roque Pérez,92.2842,06693020,Roque Pérez,92.2842,True,True,
836,06693,Roque Pérez,301,,,blank_without_official_overlap,blank,,,,,,,,,True,True,
117,06077,Arrecifes,302,Arrecifes,06077_arrecifes,valid_same_party_spatial,exact_same_party,06077010,Arrecifes,06077,Arrecifes,92.6122,06077010,Arrecifes,92.6122,True,True,
118,06077,Arrecifes,303,Arrecifes,06077_arrecifes,valid_same_party_spatial,exact_same_party,06077010,Arrecifes,06077,Arrecifes,5.6014,06077010,Arrecifes,5.6014,True,True,
120,06077,Arrecifes,304,,,blank_without_official_overlap,blank,,,,,,,,,True,True,
117A,06077,Arrecifes,305,Arrecifes,06077_arrecifes,valid_same_party_spatial,exact_same_party,06077010,Arrecifes,06077,Arrecifes,1.7864,06077010,Arrecifes,1.7864,True,True,
117B,06077,Arrecifes,306,,,blank_without_official_overlap,blank,,,,,,,,,True,True,
121,06140,Capitán Sarmiento,307,Capitán Sarmiento,06140_capitan_sarmiento,valid_same_party_spatial,exact_same_party,06140010,Capitán Sarmiento,06140,Capitán Sarmiento,100.0,06140010,Capitán Sarmiento,100.0,True,True,
122,06140,Capitán Sarmiento,308,,,blank_without_official_overlap,blank,,,,,,,,,True,True,
175,06161,Carmen De Areco,309,Carmen de Areco,06161_carmen_de_areco,valid_same_party_spatial,exact_same_party,06161010,Carmen de Areco,06161,Carmen de Areco,100.0,06161010,Carmen de Areco,100.0,True,True,
176,06161,Carmen De Areco,310,,,blank_without_official_overlap,blank,,,,,,,,,True,True,
177,06161,Carmen De Areco,311,,,blank_without_official_overlap,blank,,,,,,,,,True,True,
292,06266,Exaltación De La Cruz,312,Capilla del Señor,06266_capilla_del_senor,valid_same_party_spatial,exact_same_party,06266020,Capilla del Señor,06266,Exaltación de la Cruz,19.6684,06266020,Capilla del Señor,19.6684,True,True,
296,06266,Exaltación De La Cruz,313,Capilla del Señor,06266_capilla_del_senor,valid_same_party_spatial,exact_same_party,06266020,Capilla del Señor,06266,Exaltación de la Cruz,60.5031,06266020,Capilla del Señor,60.5031,True,True,
297,06266,Exaltación De La Cruz,314,Capilla del Señor,06266_capilla_del_senor,valid_same_party_spatial,exact_same_party,06266020,Capilla del Señor,06266,Exaltación de la Cruz,19.7807,06266020,Capilla del Señor,19.7807,True,True,
298,06266,Exaltación De La Cruz,315,,,blank_without_official_overlap,blank,,,,,,,,,True,True,
638,06532,Mercedes,316,Mercedes,06532_mercedes,valid_same_party_spatial,exact_same_party,06532020,Mercedes,06532,Mercedes,8.578,06532020,Mercedes,8.578,True,True,
643,06532,Mercedes,317,Mercedes,06532_mercedes,valid_same_party_spatial,exact_same_party,06532020,Mercedes,06532,Mercedes,9.577,06532020,Mercedes,9.577,True,True,
639,06532,Mercedes,318,Mercedes,06532_mercedes,valid_same_party_spatial,exact_same_party,06532020,Mercedes,06532,Mercedes,7.2184,06532020,Mercedes,7.2184,True,True,
640,06532,Mercedes,319,Mercedes,06532_mercedes,valid_same_party_spatial,exact_same_party,06532020,Mercedes,06532,Mercedes,25.6181,06532020,Mercedes,25.6181,True,True,
641,06532,Mercedes,320,Mercedes,06532_mercedes,valid_same_party_spatial,exact_same_party,06532020,Mercedes,06532,Mercedes,18.7396,06532020,Mercedes,18.7396,True,True,
642,06532,Mercedes,321,Mercedes,06532_mercedes,valid_same_party_spatial,exact_same_party,06532020,Mercedes,06532,Mercedes,23.1633,06532020,Mercedes,23.1633,True,True,
644,06532,Mercedes,322,Mercedes,06532_mercedes,valid_same_party_spatial,exact_same_party,06532020,Mercedes,06532,Mercedes,1.3058,06532020,Mercedes,1.3058,True,True,
645,06532,Mercedes,323,Mercedes,06532_mercedes,valid_same_party_spatial,exact_same_party,06532020,Mercedes,06532,Mercedes,0.4999,06532020,Mercedes,0.4999,True,True,
646,06532,Mercedes,324,Mercedes,06532_mercedes,valid_same_party_spatial,exact_same_party,06532020,Mercedes,06532,Mercedes,2.8203,06532020,Mercedes,2.8203,True,True,
647,06532,Mercedes,325,Mercedes,06532_mercedes,valid_same_party_spatial,exact_same_party,06532020,Mercedes,06532,Mercedes,2.4795,06532020,Mercedes,2.4795,True,True,
648,06532,Mercedes,326,,,blank_without_official_overlap,blank,,,,,,,,,True,True,
770F,06638,Pilar,327,Pilar,06638_pilar,valid_same_party_spatial,exact_same_party,06638040,Pilar,06638,Pilar,2.1041,06638040,Pilar,2.1041,True,True,
770E,06638,Pilar,328,José C. Paz,06638_jose_c_paz,label_matches_other_party,exact_other_or_multiple_party,06412010,José C. Paz,06412,José C. Paz,,06638040,Pilar,1.3168,True,True,
770B,06638,Pilar,329,José C. Paz,06638_jose_c_paz,label_matches_other_party,exact_other_or_multiple_party,06412010,José C. Paz,06412,José C. Paz,,06638040,Pilar,1.3595,True,True,
770A,06638,Pilar,330,Pilar,06638_pilar,valid_same_party_spatial,exact_same_party,06638040,Pilar,06638,Pilar,1.7432,06638040,Pilar,1.7432,True,True,
768A,06638,Pilar,331,Pilar,06638_pilar,valid_same_party_spatial,exact_same_party,06638040,Pilar,06638,Pilar,1.6369,06638040,Pilar,1.6369,True,True,
768B,06638,Pilar,332,Pilar,06638_pilar,valid_same_party_spatial,exact_same_party,06638040,Pilar,06638,Pilar,3.9793,06638040,Pilar,3.9793,True,True,
770,06638,Pilar,333,Pilar,06638_pilar,valid_same_party_spatial,exact_same_party,06638040,Pilar,06638,Pilar,1.2716,06638040,Pilar,1.2716,True,True,
51,06042,Ayacucho,334,,,blank_without_official_overlap,blank,,,,,,,,,True,True,
46,06042,Ayacucho,335,Ayacucho,06042_ayacucho,valid_same_party_spatial,exact_same_party,06042010,Ayacucho,06042,Ayacucho,100.0,06042010,Ayacucho,100.0,True,True,
50,06042,Ayacucho,336,,,blank_without_official_overlap,blank,,,,,,,,,True,True,
48,06042,Ayacucho,337,,,blank_without_official_overlap,blank,,,,,,,,,True,True,
49,06042,Ayacucho,338,,,blank_without_official_overlap,blank,,,,,,,,,True,True,
52,06042,Ayacucho,339,,,blank_without_official_overlap,blank,,,,,,,,,True,True,
53,06042,Ayacucho,340,,,blank_without_official_overlap,blank,,,,,,,,,True,True,
54,06042,Ayacucho,341,,,blank_without_official_overlap,blank,,,,,,,,,True,True,
55,06042,Ayacucho,342,,,blank_without_official_overlap,blank,,,,,,,,,True,True,
56,06042,Ayacucho,343,,,blank_without_official_overlap,blank,,,,,,,,,True,True,
57,06042,Ayacucho,344,,,blank_without_official_overlap,blank,,,,,,,,,True,True,
555,06469,Lincoln,345,Lincoln,06469_lincoln,valid_same_party_spatial,exact_same_party,06469080,Lincoln,06469,Lincoln,9.7044,06469080,Lincoln,9.7044,True,True,
567,06469,Lincoln,346,,,blank_without_official_overlap,blank,,,,,,,,,True,True,
556,06469,Lincoln,347,Lincoln,06469_lincoln,valid_same_party_spatial,exact_same_party,06469080,Lincoln,06469,Lincoln,29.9373,06469080,Lincoln,29.9373,True,True,
557,06469,Lincoln,348,Lincoln,06469_lincoln,valid_same_party_spatial,exact_same_party,06469080,Lincoln,06469,Lincoln,14.7515,06469080,Lincoln,14.7515,True,True,
558,06469,Lincoln,349,Lincoln,06469_lincoln,valid_same_party_spatial,exact_same_party,06469080,Lincoln,06469,Lincoln,18.3674,06469080,Lincoln,18.3674,True,True,
559,06469,Lincoln,350,,,blank_without_official_overlap,blank,,,,,,,,,True,True,
560,06469,Lincoln,351,,,blank_without_official_overlap,blank,,,,,,,,,True,True,
561,06469,Lincoln,352,,,blank_without_official_overlap,blank,,,,,,,,,True,True,
554,06469,Lincoln,353,Lincoln,06469_lincoln,valid_same_party_spatial,exact_same_party,06469080,Lincoln,06469,Lincoln,27.2395,06469080,Lincoln,27.2395,True,True,
562,06469,Lincoln,354,Roberts,06469_roberts,valid_same_party_spatial,exact_same_party,06469100,Roberts,06469,Lincoln,100.0,06469100,Roberts,100.0,True,True,
563,06469,Lincoln,355,,,blank_without_official_overlap,blank,,,,,,,,,True,True,
564,06469,Lincoln,356,,,blank_without_official_overlap,blank,,,,,,,,,True,True,
565,06469,Lincoln,357,,,blank_without_official_overlap,blank,,,,,,,,,True,True,
566,06469,Lincoln,358,,,blank_without_official_overlap,blank,,,,,,,,,True,True,
567A,06469,Lincoln,359,,,blank_without_official_overlap,blank,,,,,,,,,True,True,
524,06448,Laprida,360,Laprida,06448_laprida,valid_same_party_spatial,exact_same_party,06448010,Laprida,06448,Laprida,100.0,06448010,Laprida,100.0,True,True,
525,06448,Laprida,361,,,blank_without_official_overlap,blank,,,,,,,,,True,True,
526,06448,Laprida,362,,,blank_without_official_overlap,blank,,,,,,,,,True,True,
527,06448,Laprida,363,,,blank_without_official_overlap,blank,,,,,,,,,True,True,
528,06448,Laprida,364,,,blank_without_official_overlap,blank,,,,,,,,,True,True,
436,06084,Benito Juárez,365,Benito Juárez,06084_benito_juarez,valid_same_party_spatial,exact_same_party,06084020,Benito Juárez,06084,Benito Juárez,100.0,06084020,Benito Juárez,100.0,True,True,
437,06084,Benito Juárez,366,,,blank_without_official_overlap,blank,,,,,,,,,True,True,
438,06084,Benito Juárez,367,,,blank_without_official_overlap,blank,,,,,,,,,True,True,
439,06084,Benito Juárez,368,Villa Cacique - Barker,06084_villa_cacique_barker,valid_same_party_spatial,exact_same_party,06084050,Villa Cacique - Barker,06084,Benito Juárez,100.0,06084050,Villa Cacique - Barker,100.0,True,True,
440,06084,Benito Juárez,369,,,blank_without_official_overlap,blank,,,,,,,,,True,True,
441,06084,Benito Juárez,370,,,blank_without_official_overlap,blank,,,,,,,,,True,True,
442,06084,Benito Juárez,371,,,blank_without_official_overlap,blank,,,,,,,,,True,True,
231A,06175,Colón,372,,,blank_without_official_overlap,blank,,,,,,,,,True,True,
681,06574,Navarro,373,,,blank_without_official_overlap,blank,,,,,,,,,True,True,
681A,06574,Navarro,374,,,blank_without_official_overlap,blank,,,,,,,,,True,True,
677,06574,Navarro,375,,,blank_without_official_overlap,blank,,,,,,,,,True,True,
678,06574,Navarro,376,Navarro,06574_navarro,valid_same_party_spatial,exact_same_party,06574030,Navarro,06574,Navarro,14.7553,06574030,Navarro,14.7553,True,True,
679,06574,Navarro,377,,,blank_without_official_overlap,blank,,,,,,,,,True,True,
675,06574,Navarro,378,Navarro,06574_navarro,valid_same_party_spatial,exact_same_party,06574030,Navarro,06574,Navarro,82.432,06574030,Navarro,82.432,True,True,
676,06574,Navarro,379,Navarro,06574_navarro,valid_same_party_spatial,exact_same_party,06574030,Navarro,06574,Navarro,2.8127,06574030,Navarro,2.8127,True,True,
680,06574,Navarro,380,,,blank_without_official_overlap,blank,,,,,,,,,True,True,
682,06574,Navarro,381,,,blank_without_official_overlap,blank,,,,,,,,,True,True,
683,06574,Navarro,382,,,blank_without_official_overlap,blank,,,,,,,,,True,True,
159,06134,Cañuelas,383,Uribelarrea,06134_uribelarrea,valid_same_party_spatial,exact_same_party,06134070,Uribelarrea,06134,Cañuelas,99.4799,06134070,Uribelarrea,99.4799,True,True,
157,06134,Cañuelas,384,Cañuelas,06134_canuelas,valid_same_party_spatial,exact_same_party,06134030,Cañuelas,06134,Cañuelas,50.1932,06134030,Cañuelas,50.1932,True,True,
158,06134,Cañuelas,385,Barrio San Esteban - Barrio Los Pozos,06134_barrio_san_esteban_barrio_los_pozos,valid_same_party_spatial,exact_same_party,06134060,Barrio San Esteban - Barrio Los Pozos,06134,Cañuelas,0.2233,06134030 | 06134060,Cañuelas | Barrio San Esteban - Barrio Los Pozos,49.499 | 0.2233,True,True,
158A,06134,Cañuelas,386,Ezeiza,06134_ezeiza,label_matches_other_party,exact_other_or_multiple_party,06270010,Ezeiza,06270,Ezeiza,,06134050,Máximo Paz,98.1728,True,True,
158B,06134,Cañuelas,387,Barrio Lisandro de La Torre y Santa Marta,06134_barrio_lisandro_de_la_torre_y_santa_marta,label_matches_other_party,exact_other_or_multiple_party,06525005,Barrio Lisandro de La Torre y Santa Marta,06525,Marcos Paz,1.873,06134060 | 06134030,Barrio San Esteban - Barrio Los Pozos | Cañuelas,99.7535 | 0.3078,True,True,
160,06134,Cañuelas,388,,,blank_without_official_overlap,blank,,,,,,,,,True,True,
161,06134,Cañuelas,389,,,blank_without_official_overlap,blank,,,,,,,,,True,True,
574,06483,Lobos,390,Lobos,06483_lobos,valid_same_party_spatial,exact_same_party,06483040,Lobos,06483,Lobos,16.5809,06483040,Lobos,16.5809,True,True,
575,06483,Lobos,391,Lobos,06483_lobos,valid_same_party_spatial,exact_same_party,06483040,Lobos,06483,Lobos,60.7367,06483040,Lobos,60.7367,True,True,
576,06483,Lobos,392,Lobos,06483_lobos,valid_same_party_spatial,exact_same_party,06483040,Lobos,06483,Lobos,2.9173,06483040,Lobos,2.9173,True,True,
576A,06483,Lobos,393,Lobos,06483_lobos,valid_same_party_spatial,exact_same_party,06483040,Lobos,06483,Lobos,15.35,06483040,Lobos,15.35,True,True,
577,06483,Lobos,394,,,blank_without_official_overlap,blank,,,,,,,,,True,True,
578,06483,Lobos,395,,,blank_without_official_overlap,blank,,,,,,,,,True,True,
579,06483,Lobos,396,Lobos,06483_lobos,valid_same_party_spatial,exact_same_party,06483040,Lobos,06483,Lobos,0.3153,06483040,Lobos,0.3153,True,True,
580,06483,Lobos,397,,,blank_without_official_overlap,blank,,,,,,,,,True,True,
581,06483,Lobos,398,Lobos,06483_lobos,valid_same_party_spatial,exact_same_party,06483040,Lobos,06483,Lobos,4.0999,06483040,Lobos,4.0999,True,True,
310,06287,General Alvear,399,General Alvear,06287_general_alvear,valid_same_party_spatial,exact_same_party,06287010,General Alvear,06287,General Alvear,100.0,06287010,General Alvear,100.0,True,True,
313,06287,General Alvear,400,,,blank_without_official_overlap,blank,,,,,,,,,True,True,
311,06287,General Alvear,401,,,blank_without_official_overlap,blank,,,,,,,,,True,True,
312,06287,General Alvear,402,,,blank_without_official_overlap,blank,,,,,,,,,True,True,
765A,06630,Pila,403,,,blank_without_official_overlap,blank,,,,,,,,,True,True,
766,06630,Pila,404,,,blank_without_official_overlap,blank,,,,,,,,,True,True,
336,06322,General La Madrid,405,,,blank_without_official_overlap,blank,,,,,,,,,True,True,
330,06322,General La Madrid,406,General La Madrid,06322_general_la_madrid,valid_same_party_spatial,exact_same_party,06322010,General La Madrid,06322,General La Madrid,100.0,06322010,General La Madrid,100.0,True,True,
331,06322,General La Madrid,407,,,blank_without_official_overlap,blank,,,,,,,,,True,True,
332,06322,General La Madrid,408,,,blank_without_official_overlap,blank,,,,,,,,,True,True,
333,06322,General La Madrid,409,,,blank_without_official_overlap,blank,,,,,,,,,True,True,
334,06322,General La Madrid,410,,,blank_without_official_overlap,blank,,,,,,,,,True,True,
335,06322,General La Madrid,411,,,blank_without_official_overlap,blank,,,,,,,,,True,True,
125,06105,Bolívar,412,San Carlos de Bolívar,06105_san_carlos_de_bolivar,valid_same_party_spatial,exact_same_party,06105060,San Carlos de Bolívar,06105,Bolívar,100.0,06105060,San Carlos de Bolívar,100.0,True,True,
125A,06105,Bolívar,413,,,blank_without_official_overlap,blank,,,,,,,,,True,True,
126,06105,Bolívar,414,,,blank_without_official_overlap,blank,,,,,,,,,True,True,
127,06105,Bolívar,415,,,blank_without_official_overlap,blank,,,,,,,,,True,True,
128,06105,Bolívar,416,,,blank_without_official_overlap,blank,,,,,,,,,True,True,
129,06105,Bolívar,417,,,blank_without_official_overlap,blank,,,,,,,,,True,True,
130,06105,Bolívar,418,,,blank_without_official_overlap,blank,,,,,,,,,True,True,
131,06105,Bolívar,419,,,blank_without_official_overlap,blank,,,,,,,,,True,True,
132,06105,Bolívar,420,,,blank_without_official_overlap,blank,,,,,,,,,True,True,
133,06105,Bolívar,421,,,blank_without_official_overlap,blank,,,,,,,,,True,True,
103A,06063,Balcarce,422,,,blank_without_official_overlap,blank,,,,,,,,,True,True,
104,06063,Balcarce,423,Balcarce,06063_balcarce,valid_same_party_spatial,exact_same_party,06063010,Balcarce,06063,Balcarce,9.0232,06063010,Balcarce,9.0232,True,True,
101,06063,Balcarce,424,,,blank_without_official_overlap,blank,,,,,,,,,True,True,
102,06063,Balcarce,425,Balcarce,06063_balcarce,valid_same_party_spatial,exact_same_party,06063010,Balcarce,06063,Balcarce,0.2778,06063010,Balcarce,0.2778,True,True,
103,06063,Balcarce,426,,,blank_without_official_overlap,blank,,,,,,,,,True,True,
99,06063,Balcarce,427,,,blank_without_official_overlap,blank,,,,,,,,,True,True,
100,06063,Balcarce,428,,,blank_without_official_overlap,blank,,,,,,,,,True,True,
98,06063,Balcarce,429,Balcarce,06063_balcarce,valid_same_party_spatial,exact_same_party,06063010,Balcarce,06063,Balcarce,90.699,06063010,Balcarce,90.699,True,True,
742A,06406,Hipólito Yrigoyen,430,,,blank_without_official_overlap,blank,,,,,,,,,True,True,
742B,06406,Hipólito Yrigoyen,431,,,blank_without_official_overlap,blank,,,,,,,,,True,True,
742,06406,Hipólito Yrigoyen,432,Henderson,06406_henderson,valid_same_party_spatial,exact_same_party,06406010,Henderson,06406,Hipólito Yrigoyen,100.0,06406010,Henderson,100.0,True,True,
282,06238,Dolores,433,,,blank_without_official_overlap,blank,,,,,,,,,True,True,
281,06238,Dolores,434,Dolores,06238_dolores,valid_same_party_spatial,exact_same_party,06238010,Dolores,06238,Dolores,91.6955,06238010,Dolores,91.6955,True,True,
283,06238,Dolores,435,Dolores,06238_dolores,valid_same_party_spatial,exact_same_party,06238010,Dolores,06238,Dolores,8.3045,06238010,Dolores,8.3045,True,True,
284,06238,Dolores,436,,,blank_without_official_overlap,blank,,,,,,,,,True,True,
285,06238,Dolores,437,,,blank_without_official_overlap,blank,,,,,,,,,True,True,
63,06049,Azul,438,,,blank_without_official_overlap,blank,,,,,,,,,True,True,
62,06049,Azul,439,Chillar,06049_chillar,valid_same_party_spatial,exact_same_party,06049040,Chillar,06049,Azul,100.0,06049040,Chillar,100.0,True,True,
62A,06049,Azul,440,,,blank_without_official_overlap,blank,,,,,,,,,True,True,
60,06049,Azul,441,Azul,06049_azul,valid_same_party_spatial,exact_same_party,06049020,Azul,06049,Azul,85.9727,06049020,Azul,85.9727,True,True,
61,06049,Azul,442,,,blank_without_official_overlap,blank,,,,,,,,,True,True,
62B,06049,Azul,443,,,blank_without_official_overlap,blank,,,,,,,,,True,True,
66,06049,Azul,444,Azul,06049_azul,valid_same_party_spatial,exact_same_party,06049020,Azul,06049,Azul,14.0273,06049020,Azul,14.0273,True,True,
64,06049,Azul,445,,,blank_without_official_overlap,blank,,,,,,,,,True,True,
65,06049,Azul,446,,,blank_without_official_overlap,blank,,,,,,,,,True,True,
67,06049,Azul,447,Cacharí,06049_cachari,valid_same_party_spatial,exact_same_party,06049030,Cacharí,06049,Azul,100.0,06049030,Cacharí,100.0,True,True,
68,06049,Azul,448,,,blank_without_official_overlap,blank,,,,,,,,,True,True,
69,06049,Azul,449,,,blank_without_official_overlap,blank,,,,,,,,,True,True,
179,06231,Daireaux,450,Daireaux,06231_daireaux,valid_same_party_spatial,exact_same_party,06231030,Daireaux,06231,Daireaux,99.9531,06231030,Daireaux,99.9531,True,True,
180,06231,Daireaux,451,Daireaux,06231_daireaux,same_party_label_without_spatial_overlap,exact_same_party,06231030,Daireaux,06231,Daireaux,,,,,True,True,
181,06231,Daireaux,452,,,blank_without_official_overlap,blank,,,,,,,,,True,True,
182,06231,Daireaux,453,,,blank_without_official_overlap,blank,,,,,,,,,True,True,
183,06231,Daireaux,454,Salazar,06231_salazar,valid_same_party_spatial,exact_same_party,06231060,Salazar,06231,Daireaux,100.0,06231060,Salazar,100.0,True,True,
570,06476,Lobería,455,Necochea - Quequén,06476_necochea_quequen,label_matches_other_party,exact_other_or_multiple_party,06581040,Necochea ? Quequén,06581,Necochea,0.1592,,,,True,True,
568,06476,Lobería,456,Lobería,06476_loberia,valid_same_party_spatial,exact_same_party,06476030,Lobería,06476,Lobería,92.969,06476030,Lobería,92.969,True,True,
568A,06476,Lobería,457,Lobería,06476_loberia,valid_same_party_spatial,exact_same_party,06476030,Lobería,06476,Lobería,7.031,06476030,Lobería,7.031,True,True,
569,06476,Lobería,458,,,blank_without_official_overlap,blank,,,,,,,,,True,True,
569A,06476,Lobería,459,,,blank_without_official_overlap,blank,,,,,,,,,True,True,
571,06476,Lobería,460,,,blank_without_official_overlap,blank,,,,,,,,,True,True,
572,06476,Lobería,461,,,blank_without_official_overlap,blank,,,,,,,,,True,True,
1013A,06882,Zárate,462,Zárate,06882_zarate,valid_same_party_spatial,exact_same_party,06882050,Zárate,06882,Zárate,0.1963,06882050,Zárate,0.1963,True,True,
1021,06882,Zárate,463,Lima,06882_lima,valid_same_party_spatial,exact_same_party,06882040,Lima,06882,Zárate,100.0,06882040,Lima,100.0,True,True,
1015,06882,Zárate,464,Zárate,06882_zarate,valid_same_party_spatial,exact_same_party,06882050,Zárate,06882,Zárate,1.9211,06882050,Zárate,1.9211,True,True,
797,06665,Ramallo,465,Ramallo,06665_ramallo,valid_same_party_spatial,exact_same_party,06665040,Ramallo,06665,Ramallo,80.7744,06665040,Ramallo,80.7744,True,True,
798,06665,Ramallo,466,,,blank_without_official_overlap,blank,,,,,,,,,True,True,
799,06665,Ramallo,467,Ramallo,06665_ramallo,valid_same_party_spatial,exact_same_party,06665040,Ramallo,06665,Ramallo,19.1026,06665040,Ramallo,19.1026,True,True,
800,06665,Ramallo,468,San Nicolás,06665_san_nicolas,label_matches_other_party,exact_other_or_multiple_party,06763050,San Nicolás de los Arroyos,06763,San Nicolás,,06665050,Villa General Savio,100.0,True,True,
801,06665,Ramallo,469,,,blank_without_official_overlap,blank,,,,,,,,,True,True,
802,06665,Ramallo,470,,,blank_without_official_overlap,blank,,,,,,,,,True,True,
803,06665,Ramallo,471,Pérez Millán,06665_perez_millan,valid_same_party_spatial,exact_same_party,06665030,Pérez Millán,06665,Ramallo,100.0,06665030,Pérez Millán,100.0,True,True,
804,06665,Ramallo,472,Ramallo,06665_ramallo,valid_same_party_spatial,exact_same_party,06665040,Ramallo,06665,Ramallo,0.1231,06665040,Ramallo,0.1231,True,True,
549,06462,Leandro N. Alem,473,Vedia,06462_vedia,valid_same_party_spatial,exact_same_party,06462060,Vedia,06462,Leandro N. Alem,45.2932,06462060,Vedia,45.2932,True,True,
551,06462,Leandro N. Alem,474,Leandro N. Alem,06462_leandro_n_alem,valid_same_party_spatial,exact_same_party,06462050,Leandro N. Alem,06462,Leandro N. Alem,100.0,06462050,Leandro N. Alem,100.0,True,True,
553,06462,Leandro N. Alem,475,Vedia,06462_vedia,valid_same_party_spatial,exact_same_party,06462060,Vedia,06462,Leandro N. Alem,41.7497,06462060,Vedia,41.7497,True,True,
816,06679,Rivadavia,476,,,blank_without_official_overlap,blank,,,,,,,,,True,True,
817,06679,Rivadavia,477,González Moreno,06679_gonzalez_moreno,valid_same_party_spatial,exact_same_party,06679030,González Moreno,06679,Rivadavia,100.0,06679030,González Moreno,100.0,True,True,
818,06679,Rivadavia,478,,,blank_without_official_overlap,blank,,,,,,,,,True,True,
819,06679,Rivadavia,479,,,blank_without_official_overlap,blank,,,,,,,,,True,True,
820,06679,Rivadavia,480,,,blank_without_official_overlap,blank,,,,,,,,,True,True,
821,06679,Rivadavia,481,,,blank_without_official_overlap,blank,,,,,,,,,True,True,
815,06679,Rivadavia,482,América,06679_america,valid_same_party_spatial,exact_same_party,06679010,América,06679,Rivadavia,100.0,06679010,América,100.0,True,True,
731A,06602,Patagones,483,,,blank_without_official_overlap,blank,,,,,,,,,True,True,
729,06602,Patagones,484,Carmen de Patagones,06602_carmen_de_patagones,valid_same_party_spatial,exact_same_party,06602030,Carmen de Patagones,06602,Patagones,100.0,06602030,Carmen de Patagones,100.0,True,True,
730,06602,Patagones,485,,,blank_without_official_overlap,blank,,,,,,,,,True,True,
731,06602,Patagones,486,Stroeder,06602_stroeder,valid_same_party_spatial,exact_same_party,06602060,Stroeder,06602,Patagones,100.0,06602060,Stroeder,100.0,True,True,
732,06602,Patagones,487,Villalonga,06602_villalonga,valid_same_party_spatial,exact_same_party,06602070,Villalonga,06602,Patagones,100.0,06602070,Villalonga,100.0,True,True,
733,06602,Patagones,488,Pedro Luro,06602_pedro_luro,label_matches_other_party,exact_other_or_multiple_party,06875070,Pedro Luro,06875,Villarino,0.6826,,,,True,True,
107,06070,Baradero,489,Baradero,06070_baradero,valid_same_party_spatial,exact_same_party,06070010,Baradero,06070,Baradero,10.3588,06070010,Baradero,10.3588,True,True,
108,06070,Baradero,490,,,blank_without_official_overlap,blank,,,,,,,,,True,True,
109,06070,Baradero,491,,,blank_without_official_overlap,blank,,,,,,,,,True,True,
114,06070,Baradero,492,,,blank_without_official_overlap,blank,,,,,,,,,True,True,
105,06070,Baradero,493,Baradero,06070_baradero,valid_same_party_spatial,exact_same_party,06070010,Baradero,06070,Baradero,58.6529,06070010,Baradero,58.6529,True,True,
106,06070,Baradero,494,Baradero,06070_baradero,valid_same_party_spatial,exact_same_party,06070010,Baradero,06070,Baradero,30.7914,06070010,Baradero,30.7914,True,True,
110,06070,Baradero,495,,,blank_without_official_overlap,blank,,,,,,,,,True,True,
111,06070,Baradero,496,,,blank_without_official_overlap,blank,,,,,,,,,True,True,
113,06070,Baradero,497,,,blank_without_official_overlap,blank,,,,,,,,,True,True,
30,06035,Avellaneda,498,Avellaneda,06035_avellaneda,valid_same_party_spatial,exact_same_party,06035010,Avellaneda,06035,Avellaneda,2.4926,06035010,Avellaneda,2.4926,True,True,
875,06749,San Fernando,499,San Fernando,06749_san_fernando,valid_same_party_spatial,exact_same_party,06749010,San Fernando,06749,San Fernando,0.8757,06749010,San Fernando,0.8757,True,True,
881,06749,San Fernando,500,,,blank_without_official_overlap,blank,,,,,,,,,True,True,
882A,06749,San Fernando,501,,,blank_without_official_overlap,blank,,,,,,,,,True,True,
846,06707,Saladillo,502,Saladillo,06707_saladillo,valid_same_party_spatial,exact_same_party,06707060,Saladillo,06707,Saladillo,99.738,06707060,Saladillo,99.738,True,True,
850,06707,Saladillo,503,,,blank_without_official_overlap,blank,,,,,,,,,True,True,
847,06707,Saladillo,504,,,blank_without_official_overlap,blank,,,,,,,,,True,True,
848,06707,Saladillo,505,Saladillo,06707_saladillo,same_party_label_without_spatial_overlap,exact_same_party,06707060,Saladillo,06707,Saladillo,,,,,True,True,
849,06707,Saladillo,506,,,blank_without_official_overlap,blank,,,,,,,,,True,True,
849A,06707,Saladillo,507,,,blank_without_official_overlap,blank,,,,,,,,,True,True,
846A,06707,Saladillo,508,,,blank_without_official_overlap,blank,,,,,,,,,True,True,
851,06707,Saladillo,509,,,blank_without_official_overlap,blank,,,,,,,,,True,True,
852,06707,Saladillo,510,Saladillo,06707_saladillo,valid_same_party_spatial,exact_same_party,06707060,Saladillo,06707,Saladillo,0.2293,06707060,Saladillo,0.2293,True,True,
538,06455,Las Flores,511,Las Flores,06455_las_flores,valid_same_party_spatial,exact_same_party,06455030,Las Flores,06455,Las Flores,100.0,06455030,Las Flores,100.0,True,True,
542,06455,Las Flores,512,,,blank_without_official_overlap,blank,,,,,,,,,True,True,
540,06455,Las Flores,513,,,blank_without_official_overlap,blank,,,,,,,,,True,True,
539,06455,Las Flores,514,,,blank_without_official_overlap,blank,,,,,,,,,True,True,
544,06455,Las Flores,515,,,blank_without_official_overlap,blank,,,,,,,,,True,True,
541,06455,Las Flores,516,,,blank_without_official_overlap,blank,,,,,,,,,True,True,
545,06455,Las Flores,517,,,blank_without_official_overlap,blank,,,,,,,,,True,True,
543,06455,Las Flores,518,,,blank_without_official_overlap,blank,,,,,,,,,True,True,
775,06252,Escobar,519,Escobar,06252_escobar,valid_same_party_spatial,exact_same_party,06252010,Escobar,06252,Escobar,9.9649,06252010,Escobar,9.9649,True,True,
774,06252,Escobar,520,Escobar,06252_escobar,valid_same_party_spatial,exact_same_party,06252010,Escobar,06252,Escobar,44.3056,06252010,Escobar,44.3056,True,True,
775A,06252,Escobar,521,Escobar,06252_escobar,same_party_label_without_spatial_overlap,exact_same_party,06252010,Escobar,06252,Escobar,,,,,True,True,
773A,06252,Escobar,522,Escobar,06252_escobar,valid_same_party_spatial,exact_same_party,06252010,Escobar,06252,Escobar,12.4526,06252010,Escobar,12.4526,True,True,
773B,06252,Escobar,523,Escobar,06252_escobar,valid_same_party_spatial,exact_same_party,06252010,Escobar,06252,Escobar,3.7042,06252010,Escobar,3.7042,True,True,
773,06252,Escobar,524,Escobar,06252_escobar,valid_same_party_spatial,exact_same_party,06252010,Escobar,06252,Escobar,29.3564,06252010,Escobar,29.3564,True,True,
398B,06412,José C. Paz,525,José C. Paz,06412_jose_c_paz,valid_same_party_spatial,exact_same_party,06412010,José C. Paz,06412,José C. Paz,23.8685,06412010,José C. Paz,23.8685,True,True,
398A,06412,José C. Paz,526,José C. Paz,06412_jose_c_paz,valid_same_party_spatial,exact_same_party,06412010,José C. Paz,06412,José C. Paz,26.56,06412010,José C. Paz,26.56,True,True,
398,06412,José C. Paz,527,José C. Paz,06412_jose_c_paz,valid_same_party_spatial,exact_same_party,06412010,José C. Paz,06412,José C. Paz,49.4906,06412010,José C. Paz,49.4906,True,True,
866,06735,San Antonio De Areco,528,San Antonio de Areco,06735_san_antonio_de_areco,valid_same_party_spatial,exact_same_party,06735020,San Antonio de Areco,06735,San Antonio de Areco,77.1801,06735020,San Antonio de Areco,77.1801,True,True,
867,06735,San Antonio De Areco,529,San Antonio de Areco,06735_san_antonio_de_areco,valid_same_party_spatial,exact_same_party,06735020,San Antonio de Areco,06735,San Antonio de Areco,21.0778,06735020,San Antonio de Areco,21.0778,True,True,
868,06735,San Antonio De Areco,530,,,blank_without_official_overlap,blank,,,,,,,,,True,True,
869,06735,San Antonio De Areco,531,San Antonio de Areco,06735_san_antonio_de_areco,valid_same_party_spatial,exact_same_party,06735020,San Antonio de Areco,06735,San Antonio de Areco,0.2923,06735020,San Antonio de Areco,0.2923,True,True,
663,06560,Moreno,532,Merlo,06560_merlo,label_matches_other_party,exact_other_or_multiple_party,06539010,Merlo,06539,Merlo,,06560010,Moreno,6.1016,True,True,
663B,06560,Moreno,533,Moreno,06560_moreno,valid_same_party_spatial,exact_same_party,06560010,Moreno,06560,Moreno,6.4118,06560010,Moreno,6.4118,True,True,
663A,06560,Moreno,534,Ituzaingó,06560_ituzaingo,label_matches_other_party,exact_other_or_multiple_party,06410010,Ituzaingó,06410,Ituzaingó,,06560010,Moreno,8.7798,True,True,
663C,06560,Moreno,535,Ituzaingó,06560_ituzaingo,label_matches_other_party,exact_other_or_multiple_party,06410010,Ituzaingó,06410,Ituzaingó,0.2415,06560010,Moreno,14.7589,True,True,
664A,06560,Moreno,536,Moreno,06560_moreno,valid_same_party_spatial,exact_same_party,06560010,Moreno,06560,Moreno,8.6184,06560010,Moreno,8.6184,True,True,
664B,06560,Moreno,537,Merlo,06560_merlo,label_matches_other_party,exact_other_or_multiple_party,06539010,Merlo,06539,Merlo,0.1972,06560010,Moreno,15.1689,True,True,
664,06560,Moreno,538,General Rodríguez,06560_general_rodriguez,label_matches_other_party,exact_other_or_multiple_party,06364030,General Rodríguez,06364,General Rodríguez,,06560010,Moreno,17.4929,True,True,
663D,06560,Moreno,539,Moreno,06560_moreno,valid_same_party_spatial,exact_same_party,06560010,Moreno,06560,Moreno,22.2428,06560010,Moreno,22.2428,True,True,
635D,06427,La Matanza,540,Barrio Lisandro de La Torre y Santa Marta,06427_barrio_lisandro_de_la_torre_y_santa_marta,label_matches_other_party,exact_other_or_multiple_party,06525005,Barrio Lisandro de La Torre y Santa Marta,06525,Marcos Paz,,06427010,La Matanza,27.2502,True,True,
635E,06427,La Matanza,541,Barrio Lisandro de La Torre y Santa Marta,06427_barrio_lisandro_de_la_torre_y_santa_marta,label_matches_other_party,exact_other_or_multiple_party,06525005,Barrio Lisandro de La Torre y Santa Marta,06525,Marcos Paz,0.1736,06427010,La Matanza,9.696,True,True,
635B,06427,La Matanza,542,Ezeiza,06427_ezeiza,label_matches_other_party,exact_other_or_multiple_party,06270010,Ezeiza,06270,Ezeiza,,06427010,La Matanza,5.5351,True,True,
631A,06427,La Matanza,543,La Matanza,06427_la_matanza,valid_same_party_spatial,exact_same_party,06427010,La Matanza,06427,La Matanza,2.5991,06427010,La Matanza,2.5991,True,True,
632B,06427,La Matanza,544,La Matanza,06427_la_matanza,valid_same_party_spatial,exact_same_party,06427010,La Matanza,06427,La Matanza,0.3697,06427010,La Matanza,0.3697,True,True,
632A,06427,La Matanza,545,La Matanza,06427_la_matanza,valid_same_party_spatial,exact_same_party,06427010,La Matanza,06427,La Matanza,1.2146,06427010,La Matanza,1.2146,True,True,
631B,06427,La Matanza,546,Esteban Echeverría,06427_esteban_echeverria,label_matches_other_party,exact_other_or_multiple_party,06260010,Esteban Echeverría,06260,Esteban Echeverría,,06427010,La Matanza,2.3486,True,True,
629B,06427,La Matanza,547,Ezeiza,06427_ezeiza,label_matches_other_party,exact_other_or_multiple_party,06270010,Ezeiza,06270,Ezeiza,,06427010,La Matanza,2.9983,True,True,
631C,06427,La Matanza,548,La Matanza,06427_la_matanza,valid_same_party_spatial,exact_same_party,06427010,La Matanza,06427,La Matanza,0.658,06427010,La Matanza,0.658,True,True,
631D,06427,La Matanza,549,La Matanza,06427_la_matanza,valid_same_party_spatial,exact_same_party,06427010,La Matanza,06427,La Matanza,1.8329,06427010,La Matanza,1.8329,True,True,
634,06427,La Matanza,550,La Matanza,06427_la_matanza,valid_same_party_spatial,exact_same_party,06427010,La Matanza,06427,La Matanza,1.3393,06427010,La Matanza,1.3393,True,True,
632,06427,La Matanza,551,Esteban Echeverría,06427_esteban_echeverria,label_matches_other_party,exact_other_or_multiple_party,06260010,Esteban Echeverría,06260,Esteban Echeverría,,06427010,La Matanza,1.489,True,True,
630,06427,La Matanza,552,La Matanza,06427_la_matanza,valid_same_party_spatial,exact_same_party,06427010,La Matanza,06427,La Matanza,1.3725,06427010,La Matanza,1.3725,True,True,
626,06427,La Matanza,553,La Matanza,06427_la_matanza,valid_same_party_spatial,exact_same_party,06427010,La Matanza,06427,La Matanza,2.6812,06427010,La Matanza,2.6812,True,True,
628,06427,La Matanza,554,La Matanza,06427_la_matanza,valid_same_party_spatial,exact_same_party,06427010,La Matanza,06427,La Matanza,2.0567,06427010,La Matanza,2.0567,True,True,
627,06427,La Matanza,555,La Matanza,06427_la_matanza,valid_same_party_spatial,exact_same_party,06427010,La Matanza,06427,La Matanza,0.9415,06427010,La Matanza,0.9415,True,True,
633,06427,La Matanza,556,La Matanza,06427_la_matanza,valid_same_party_spatial,exact_same_party,06427010,La Matanza,06427,La Matanza,4.393,06427010,La Matanza,4.393,True,True,
635,06427,La Matanza,557,La Matanza,06427_la_matanza,valid_same_party_spatial,exact_same_party,06427010,La Matanza,06427,La Matanza,5.2075,06427010,La Matanza,5.2075,True,True,
635A,06427,La Matanza,558,La Matanza,06427_la_matanza,valid_same_party_spatial,exact_same_party,06427010,La Matanza,06427,La Matanza,9.9303,06427010,La Matanza,9.9303,True,True,
635C,06427,La Matanza,559,Ezeiza,06427_ezeiza,label_matches_other_party,exact_other_or_multiple_party,06270010,Ezeiza,06270,Ezeiza,,06427010,La Matanza,4.4651,True,True,
635F,06427,La Matanza,560,La Matanza,06427_la_matanza,valid_same_party_spatial,exact_same_party,06427010,La Matanza,06427,La Matanza,4.4176,06427010,La Matanza,4.4176,True,True,
629,06427,La Matanza,561,La Matanza,06427_la_matanza,valid_same_party_spatial,exact_same_party,06427010,La Matanza,06427,La Matanza,1.52,06427010,La Matanza,1.52,True,True,
629A,06427,La Matanza,562,La Matanza,06427_la_matanza,valid_same_party_spatial,exact_same_party,06427010,La Matanza,06427,La Matanza,1.9237,06427010,La Matanza,1.9237,True,True,
626A,06427,La Matanza,563,La Matanza,06427_la_matanza,valid_same_party_spatial,exact_same_party,06427010,La Matanza,06427,La Matanza,1.8305,06427010,La Matanza,1.8305,True,True,
631,06427,La Matanza,564,La Matanza,06427_la_matanza,valid_same_party_spatial,exact_same_party,06427010,La Matanza,06427,La Matanza,1.5105,06427010,La Matanza,1.5105,True,True,
89,06056,Bahía Blanca,565,Bahía Blanca,06056_bahia_blanca,valid_same_party_spatial,exact_same_party,06056010,Bahía Blanca,06056,Bahía Blanca,2.2187,06056010,Bahía Blanca,2.2187,True,True,
85,06056,Bahía Blanca,566,Bahía Blanca,06056_bahia_blanca,valid_same_party_spatial,exact_same_party,06056010,Bahía Blanca,06056,Bahía Blanca,19.0973,06056010,Bahía Blanca,19.0973,True,True,
370D,06357,General Pueyrredón,567,Chapadmalal,06357_chapadmalal,valid_same_party_spatial,exact_same_party,06357080,Chapadmalal,06357,General Pueyrredón,50.5521,06357090 | 06357080,El Marquesado | Chapadmalal,98.4069 | 50.5521,True,True,
370F,06357,General Pueyrredón,568,Mar del Plata,06357_mar_del_plata,valid_same_party_spatial,exact_same_party,06357110,Mar del Plata,06357,General Pueyrredón,8.2309,06357110,Mar del Plata,8.2309,True,True,
365D,06357,General Pueyrredón,569,Mar del Plata,06357_mar_del_plata,valid_same_party_spatial,exact_same_party,06357110,Mar del Plata,06357,General Pueyrredón,1.4728,06357110,Mar del Plata,1.4728,True,True,
365E,06357,General Pueyrredón,570,Mar del Plata,06357_mar_del_plata,valid_same_party_spatial,exact_same_party,06357110,Mar del Plata,06357,General Pueyrredón,2.1444,06357110,Mar del Plata,2.1444,True,True,
365B,06357,General Pueyrredón,571,Mar del Plata,06357_mar_del_plata,valid_same_party_spatial,exact_same_party,06357110,Mar del Plata,06357,General Pueyrredón,1.9694,06357110,Mar del Plata,1.9694,True,True,
366,06357,General Pueyrredón,572,Mar del Plata,06357_mar_del_plata,valid_same_party_spatial,exact_same_party,06357110,Mar del Plata,06357,General Pueyrredón,4.2456,06357110,Mar del Plata,4.2456,True,True,
367,06357,General Pueyrredón,573,Mar del Plata,06357_mar_del_plata,valid_same_party_spatial,exact_same_party,06357110,Mar del Plata,06357,General Pueyrredón,5.1349,06357110,Mar del Plata,5.1349,True,True,
368A,06357,General Pueyrredón,574,Mar del Plata,06357_mar_del_plata,valid_same_party_spatial,exact_same_party,06357110,Mar del Plata,06357,General Pueyrredón,1.7888,06357110,Mar del Plata,1.7888,True,True,
368,06357,General Pueyrredón,575,Mar del Plata,06357_mar_del_plata,valid_same_party_spatial,exact_same_party,06357110,Mar del Plata,06357,General Pueyrredón,4.4505,06357110,Mar del Plata,4.4505,True,True,
365F,06357,General Pueyrredón,576,Mar del Plata,06357_mar_del_plata,valid_same_party_spatial,exact_same_party,06357110,Mar del Plata,06357,General Pueyrredón,2.1913,06357110,Mar del Plata,2.1913,True,True,
366A,06357,General Pueyrredón,577,Mar del Plata,06357_mar_del_plata,valid_same_party_spatial,exact_same_party,06357110,Mar del Plata,06357,General Pueyrredón,2.9596,06357110,Mar del Plata,2.9596,True,True,
365,06357,General Pueyrredón,578,Mar del Plata,06357_mar_del_plata,valid_same_party_spatial,exact_same_party,06357110,Mar del Plata,06357,General Pueyrredón,1.5811,06357110,Mar del Plata,1.5811,True,True,
368B,06357,General Pueyrredón,579,Mar del Plata,06357_mar_del_plata,valid_same_party_spatial,exact_same_party,06357110,Mar del Plata,06357,General Pueyrredón,8.571,06357110,Mar del Plata,8.571,True,True,
365A,06357,General Pueyrredón,580,Mar del Plata,06357_mar_del_plata,valid_same_party_spatial,exact_same_party,06357110,Mar del Plata,06357,General Pueyrredón,1.9682,06357110,Mar del Plata,1.9682,True,True,
365C,06357,General Pueyrredón,581,Mar del Plata,06357_mar_del_plata,valid_same_party_spatial,exact_same_party,06357110,Mar del Plata,06357,General Pueyrredón,1.8161,06357110,Mar del Plata,1.8161,True,True,
368C,06357,General Pueyrredón,582,,,blank_without_official_overlap,blank,,,,,,,,,True,True,
369,06357,General Pueyrredón,583,Mar del Plata,06357_mar_del_plata,same_party_label_without_spatial_overlap,exact_same_party,06357110,Mar del Plata,06357,General Pueyrredón,,06357120,Sierra de los Padres,100.0,True,True,
370,06357,General Pueyrredón,584,Mar del Plata,06357_mar_del_plata,valid_same_party_spatial,exact_same_party,06357110,Mar del Plata,06357,General Pueyrredón,9.0664,06357110,Mar del Plata,9.0664,True,True,
364E,06357,General Pueyrredón,585,Mar del Plata,06357_mar_del_plata,valid_same_party_spatial,exact_same_party,06357110,Mar del Plata,06357,General Pueyrredón,2.7063,06357110,Mar del Plata,2.7063,True,True,
364D,06357,General Pueyrredón,586,Mar del Plata,06357_mar_del_plata,valid_same_party_spatial,exact_same_party,06357110,Mar del Plata,06357,General Pueyrredón,2.2432,06357110,Mar del Plata,2.2432,True,True,
364C,06357,General Pueyrredón,587,Mar del Plata,06357_mar_del_plata,valid_same_party_spatial,exact_same_party,06357110,Mar del Plata,06357,General Pueyrredón,1.5251,06357110,Mar del Plata,1.5251,True,True,
364A,06357,General Pueyrredón,588,Mar del Plata,06357_mar_del_plata,valid_same_party_spatial,exact_same_party,06357110,Mar del Plata,06357,General Pueyrredón,1.5863,06357110,Mar del Plata,1.5863,True,True,
364,06357,General Pueyrredón,589,Mar del Plata,06357_mar_del_plata,valid_same_party_spatial,exact_same_party,06357110,Mar del Plata,06357,General Pueyrredón,2.0309,06357110,Mar del Plata,2.0309,True,True,
364B,06357,General Pueyrredón,590,Mar del Plata,06357_mar_del_plata,valid_same_party_spatial,exact_same_party,06357110,Mar del Plata,06357,General Pueyrredón,1.5852,06357110,Mar del Plata,1.5852,True,True,
370B,06357,General Pueyrredón,591,Mar del Plata,06357_mar_del_plata,valid_same_party_spatial,exact_same_party,06357110,Mar del Plata,06357,General Pueyrredón,5.4408,06357110,Mar del Plata,5.4408,True,True,
370A,06357,General Pueyrredón,592,Mar del Plata,06357_mar_del_plata,valid_same_party_spatial,exact_same_party,06357110,Mar del Plata,06357,General Pueyrredón,4.1529,06357110,Mar del Plata,4.1529,True,True,
370C,06357,General Pueyrredón,593,Chapadmalal,06357_chapadmalal,valid_same_party_spatial,exact_same_party,06357080,Chapadmalal,06357,General Pueyrredón,49.2057,06357080,Chapadmalal,49.2057,True,True,
370G,06357,General Pueyrredón,594,Mar del Plata,06357_mar_del_plata,valid_same_party_spatial,exact_same_party,06357110,Mar del Plata,06357,General Pueyrredón,3.3965,06357110,Mar del Plata,3.3965,True,True,
370E,06357,General Pueyrredón,595,Mar del Plata,06357_mar_del_plata,valid_same_party_spatial,exact_same_party,06357110,Mar del Plata,06357,General Pueyrredón,17.6518,06357110,Mar del Plata,17.6518,True,True,
344,06868,Villa Gesell,596,Villa Gesell,06868_villa_gesell,valid_same_party_spatial,exact_same_party,06868020,Villa Gesell,06868,Villa Gesell,99.4508,06868020,Villa Gesell,99.4508,True,True,
339,06644,Pinamar,597,,,blank_with_official_overlap,blank,,,,,,06644010,Pinamar,52.7525,True,True,
337D,06420,La Costa,598,Mar del Tuyú - Mar de Ajó - San Bernardo,06420_mar_del_tuyu_mar_de_ajo_san_bernardo,valid_same_party_spatial,exact_same_party,06420040,Mar del Tuyú - Mar de Ajó - San Bernardo,06420,La Costa,24.5502,06420040,Mar del Tuyú - Mar de Ajó - San Bernardo,24.5502,True,True,
337A,06420,La Costa,599,Mar del Tuyú - Mar de Ajó - San Bernardo,06420_mar_del_tuyu_mar_de_ajo_san_bernardo,valid_same_party_spatial,exact_same_party,06420040,Mar del Tuyú - Mar de Ajó - San Bernardo,06420,La Costa,10.588,06420040,Mar del Tuyú - Mar de Ajó - San Bernardo,10.588,True,True,
337,06420,La Costa,600,Mar del Tuyú - Mar de Ajó - San Bernardo,06420_mar_del_tuyu_mar_de_ajo_san_bernardo,same_party_label_without_spatial_overlap,exact_same_party,06420040,Mar del Tuyú - Mar de Ajó - San Bernardo,06420,La Costa,,06420030,San Clemente del Tuyú,99.264,True,True,
337B,06420,La Costa,601,Mar del Tuyú - Mar de Ajó - San Bernardo,06420_mar_del_tuyu_mar_de_ajo_san_bernardo,valid_same_party_spatial,exact_same_party,06420040,Mar del Tuyú - Mar de Ajó - San Bernardo,06420,La Costa,17.3159,06420040,Mar del Tuyú - Mar de Ajó - San Bernardo,17.3159,True,True,
337E,06420,La Costa,602,Mar del Tuyú - Mar de Ajó - San Bernardo,06420_mar_del_tuyu_mar_de_ajo_san_bernardo,valid_same_party_spatial,exact_same_party,06420040,Mar del Tuyú - Mar de Ajó - San Bernardo,06420,La Costa,26.2601,06420040,Mar del Tuyú - Mar de Ajó - San Bernardo,26.2601,True,True,
610,06505,Magdalena,603,La Plata,06505_la_plata,label_matches_other_party,exact_other_or_multiple_party,06441030,La Plata,06441,La Plata,,,,,True,True,
607,06505,Magdalena,604,,,blank_without_official_overlap,blank,,,,,,,,,True,True,
605,06505,Magdalena,605,,,blank_without_official_overlap,blank,,,,,,,,,True,True,
608,06505,Magdalena,606,,,blank_without_official_overlap,blank,,,,,,,,,True,True,
606,06505,Magdalena,607,Magdalena,06505_magdalena,valid_same_party_spatial,exact_same_party,06505040,Magdalena,06505,Magdalena,100.0,06505040,Magdalena,100.0,True,True,
604,06505,Magdalena,608,Bartolomé Bavio,06505_bartolome_bavio,valid_same_party_spatial,exact_same_party,06505020,Bartolomé Bavio,06505,Magdalena,100.0,06505020,Bartolomé Bavio,100.0,True,True,
609,06505,Magdalena,609,,,blank_without_official_overlap,blank,,,,,,,,,True,True,
998,06861,Vicente López,610,Vicente López,06861_vicente_lopez,valid_same_party_spatial,exact_same_party,06861010,Vicente López,06861,Vicente López,6.2689,06861010,Vicente López,6.2689,True,True,
1000,06861,Vicente López,611,General San Martín,06861_general_san_martin,label_matches_other_party,exact_other_or_multiple_party,06371010,General San Martín,06371,General San Martín,,06861010,Vicente López,17.9442,True,True,
999,06861,Vicente López,612,General San Martín,06861_general_san_martin,label_matches_other_party,exact_other_or_multiple_party,06371010,General San Martín,06371,General San Martín,,06861010,Vicente López,17.3073,True,True,
997,06861,Vicente López,613,Vicente López,06861_vicente_lopez,valid_same_party_spatial,exact_same_party,06861010,Vicente López,06861,Vicente López,6.2435,06861010,Vicente López,6.2435,True,True,
1000A,06861,Vicente López,614,San Isidro,06861_san_isidro,label_matches_other_party,exact_other_or_multiple_party,06756010,San Isidro,06756,San Isidro,,06861010,Vicente López,5.4422,True,True,
1001,06861,Vicente López,615,San Isidro,06861_san_isidro,label_matches_other_party,exact_other_or_multiple_party,06756010,San Isidro,06756,San Isidro,,06861010,Vicente López,9.5689,True,True,
1001A,06861,Vicente López,616,San Isidro,06861_san_isidro,label_matches_other_party,exact_other_or_multiple_party,06756010,San Isidro,06756,San Isidro,,06861010,Vicente López,5.1383,True,True,
995,06861,Vicente López,617,Vicente López,06861_vicente_lopez,valid_same_party_spatial,exact_same_party,06861010,Vicente López,06861,Vicente López,4.4126,06861010,Vicente López,4.4126,True,True,
994,06861,Vicente López,618,Vicente López,06861_vicente_lopez,valid_same_party_spatial,exact_same_party,06861010,Vicente López,06861,Vicente López,6.0175,06861010,Vicente López,6.0175,True,True,
993A,06861,Vicente López,619,Vicente López,06861_vicente_lopez,valid_same_party_spatial,exact_same_party,06861010,Vicente López,06861,Vicente López,6.2084,06861010,Vicente López,6.2084,True,True,
996,06861,Vicente López,620,Vicente López,06861_vicente_lopez,valid_same_party_spatial,exact_same_party,06861010,Vicente López,06861,Vicente López,5.8603,06861010,Vicente López,5.8603,True,True,
993,06861,Vicente López,621,Vicente López,06861_vicente_lopez,valid_same_party_spatial,exact_same_party,06861010,Vicente López,06861,Vicente López,8.3405,06861010,Vicente López,8.3405,True,True,
746,06721,Salliqueló,622,Salliquel,06721_salliquel,valid_same_party_spatial,fuzzy_same_party:0.947,06721020,Salliqueló,06721,Salliqueló,100.0,06721020,Salliqueló,100.0,True,True,
746A,06721,Salliqueló,623,,,blank_without_official_overlap,blank,,,,,,,,,True,True,
792B,06091,Berazategui,624,Berazategui,06091_berazategui,valid_same_party_spatial,exact_same_party,06091010,Berazategui,06091,Berazategui,16.7135,06091010,Berazategui,16.7135,True,True,
789,06091,Berazategui,625,Berazategui,06091_berazategui,valid_same_party_spatial,exact_same_party,06091010,Berazategui,06091,Berazategui,2.439,06091010,Berazategui,2.439,True,True,
789C,06091,Berazategui,626,Berazategui,06091_berazategui,valid_same_party_spatial,exact_same_party,06091010,Berazategui,06091,Berazategui,3.1569,06091010,Berazategui,3.1569,True,True,
790A,06091,Berazategui,627,Berazategui,06091_berazategui,valid_same_party_spatial,exact_same_party,06091010,Berazategui,06091,Berazategui,1.6746,06091010,Berazategui,1.6746,True,True,
789A,06091,Berazategui,628,Berazategui,06091_berazategui,valid_same_party_spatial,exact_same_party,06091010,Berazategui,06091,Berazategui,2.5086,06091010,Berazategui,2.5086,True,True,
792A,06091,Berazategui,629,Berazategui,06091_berazategui,valid_same_party_spatial,exact_same_party,06091010,Berazategui,06091,Berazategui,14.0565,06091010,Berazategui,14.0565,True,True,
790,06091,Berazategui,630,Berazategui,06091_berazategui,valid_same_party_spatial,exact_same_party,06091010,Berazategui,06091,Berazategui,3.3517,06091010,Berazategui,3.3517,True,True,
792C,06091,Berazategui,631,Berazategui,06091_berazategui,valid_same_party_spatial,exact_same_party,06091010,Berazategui,06091,Berazategui,1.6855,06091010,Berazategui,1.6855,True,True,
789D,06091,Berazategui,632,Berazategui,06091_berazategui,valid_same_party_spatial,exact_same_party,06091010,Berazategui,06091,Berazategui,2.8386,06091010,Berazategui,2.8386,True,True,
789E,06091,Berazategui,633,Berazategui,06091_berazategui,valid_same_party_spatial,exact_same_party,06091010,Berazategui,06091,Berazategui,1.1855,06091010,Berazategui,1.1855,True,True,
792D,06091,Berazategui,634,Berazategui,06091_berazategui,valid_same_party_spatial,exact_same_party,06091010,Berazategui,06091,Berazategui,7.3822,06091010,Berazategui,7.3822,True,True,
789F,06091,Berazategui,635,Berazategui,06091_berazategui,valid_same_party_spatial,exact_same_party,06091010,Berazategui,06091,Berazategui,1.1763,06091010,Berazategui,1.1763,True,True,
789B,06091,Berazategui,636,Berazategui,06091_berazategui,valid_same_party_spatial,exact_same_party,06091010,Berazategui,06091,Berazategui,1.1504,06091010,Berazategui,1.1504,True,True,
358,06351,General Pinto,637,,,blank_without_official_overlap,blank,,,,,,,,,True,True,
357,06351,General Pinto,638,,,blank_without_official_overlap,blank,,,,,,,,,True,True,
871,06742,San Cayetano,639,San Cayetano,06742_san_cayetano,valid_same_party_spatial,exact_same_party,06742030,San Cayetano,06742,San Cayetano,100.0,06742030,San Cayetano,100.0,True,True,
871A,06742,San Cayetano,640,,,blank_without_official_overlap,blank,,,,,,,,,True,True,
871B,06742,San Cayetano,641,,,blank_without_official_overlap,blank,,,,,,,,,True,True,
871C,06742,San Cayetano,642,,,blank_without_official_overlap,blank,,,,,,,,,True,True,
871D,06742,San Cayetano,643,,,blank_without_official_overlap,blank,,,,,,,,,True,True,
973A,06833,Tres Arroyos,644,Claromecó,06833_claromeco,valid_same_party_spatial,exact_same_party,06833020,Claromecó,06833,Tres Arroyos,93.6211,06833020,Claromecó,93.6211,True,True,
964,06833,Tres Arroyos,645,Tres Arroyos,06833_tres_arroyos,valid_same_party_spatial,exact_same_party,06833100,Tres Arroyos,06833,Tres Arroyos,100.0,06833100,Tres Arroyos,100.0,True,True,
968,06833,Tres Arroyos,646,,,blank_without_official_overlap,blank,,,,,,,,,True,True,
969,06833,Tres Arroyos,647,,,blank_without_official_overlap,blank,,,,,,,,,True,True,
970,06833,Tres Arroyos,648,,,blank_without_official_overlap,blank,,,,,,,,,True,True,
972,06833,Tres Arroyos,649,Orense,06833_orense,valid_same_party_spatial,exact_same_party,06833060,Orense,06833,Tres Arroyos,100.0,06833060,Orense,100.0,True,True,
973,06833,Tres Arroyos,650,,,blank_without_official_overlap,blank,,,,,,,,,True,True,
974,06833,Tres Arroyos,651,,,blank_without_official_overlap,blank,,,,,,,,,True,True,
975,06833,Tres Arroyos,652,,,blank_without_official_overlap,blank,,,,,,,,,True,True,
975A,06833,Tres Arroyos,653,,,blank_without_official_overlap,blank,,,,,,,,,True,True,
976,06833,Tres Arroyos,654,,,blank_without_official_overlap,blank,,,,,,,,,True,True,
977,06833,Tres Arroyos,655,,,blank_without_official_overlap,blank,,,,,,,,,True,True,
978,06833,Tres Arroyos,656,,,blank_without_official_overlap,blank,,,,,,,,,True,True,
202,06218,Chascomús,657,,,blank_without_official_overlap,blank,,,,,,,,,True,True,
208,06218,Chascomús,658,,,blank_without_official_overlap,blank,,,,,,,,,True,True,
201,06218,Chascomús,659,Chascomús,06218_chascomus,valid_same_party_spatial,exact_same_party,06218010,Chascomús,06218,Chascomús,89.0964,06218010,Chascomús,89.0964,True,True,
611,06655,Punta Indio,660,,,blank_without_official_overlap,blank,,,,,,,,,True,True,
612,06655,Punta Indio,661,,,blank_without_official_overlap,blank,,,,,,,,,True,True,
613,06655,Punta Indio,662,Verónica,06655_veronica,valid_same_party_spatial,exact_same_party,06655050,Verónica,06655,Punta Indio,100.0,06655050,Verónica,100.0,True,True,
613A,06655,Punta Indio,663,,,blank_without_official_overlap,blank,,,,,,,,,True,True,
613B,06655,Punta Indio,664,,,blank_without_official_overlap,blank,,,,,,,,,True,True,
156B,06126,Campana,665,Campana,06126_campana,valid_same_party_spatial,exact_same_party,06126030,Campana,06126,Campana,14.4102,06126030,Campana,14.4102,True,True,
156,06126,Campana,666,Campana,06126_campana,valid_same_party_spatial,exact_same_party,06126030,Campana,06126,Campana,19.0866,06126030,Campana,19.0866,True,True,
155A,06126,Campana,667,Campana,06126_campana,valid_same_party_spatial,exact_same_party,06126030,Campana,06126,Campana,5.7737,06126030,Campana,5.7737,True,True,
155,06126,Campana,668,Campana,06126_campana,valid_same_party_spatial,exact_same_party,06126030,Campana,06126,Campana,14.2486,06126030,Campana,14.2486,True,True,
156A,06126,Campana,669,Campana,06126_campana,valid_same_party_spatial,exact_same_party,06126030,Campana,06126,Campana,46.2294,06126030,Campana,46.2294,True,True,
1007,06875,Villarino,670,Country Club Los Médanos,06875_country_club_los_medanos,valid_same_party_spatial,exact_same_party,06875025,Country Club Los Médanos,06875,Villarino,100.0,06875060 | 06875025,Médanos | Country Club Los Médanos,100.0 | 100.0,True,True,
1008,06875,Villarino,671,Juan Cousté,06875_juan_couste,valid_same_party_spatial,exact_same_party,06875040,Juan Cousté,06875,Villarino,100.0,06875040,Juan Cousté,100.0,True,True,
1011,06875,Villarino,672,Pedro Luro,06875_pedro_luro,valid_same_party_spatial,exact_same_party,06875070,Pedro Luro,06875,Villarino,99.3174,06875070,Pedro Luro,99.3174,True,True,
1011A,06875,Villarino,673,Hilario Ascasubi,06875_hilario_ascasubi,valid_same_party_spatial,exact_same_party,06875030,Hilario Ascasubi,06875,Villarino,100.0,06875030,Hilario Ascasubi,100.0,True,True,
422,06392,General Villegas,674,,,blank_without_official_overlap,blank,,,,,,,,,True,True,
421,06392,General Villegas,675,,,blank_without_official_overlap,blank,,,,,,,,,True,True,
433,06399,Guaminí,676,Huanguelén,06399_huanguelen,label_matches_other_party,exact_other_or_multiple_party,06203050,Huanguelén,06203,Coronel Suárez,0.4721,,,,True,True,
530,06805,Tigre,677,San Fernando,06805_san_fernando,label_matches_other_party,exact_other_or_multiple_party,06749010,San Fernando,06749,San Fernando,0.1099,06805010,Tigre,9.1458,True,True,
536A,06805,Tigre,678,Escobar,06805_escobar,label_matches_other_party,exact_other_or_multiple_party,06252010,Escobar,06252,Escobar,,06805010,Tigre,12.6259,True,True,
536,06805,Tigre,679,Escobar,06805_escobar,label_matches_other_party,exact_other_or_multiple_party,06252010,Escobar,06252,Escobar,,06805010,Tigre,13.2809,True,True,
534,06805,Tigre,680,San Fernando,06805_san_fernando,label_matches_other_party,exact_other_or_multiple_party,06749010,San Fernando,06749,San Fernando,0.6787,06805010,Tigre,29.105,True,True,
535,06805,Tigre,681,Tigre,06805_tigre,valid_same_party_spatial,exact_same_party,06805010,Tigre,06805,Tigre,10.2156,06805010,Tigre,10.2156,True,True,
535A,06805,Tigre,682,Escobar,06805_escobar,label_matches_other_party,exact_other_or_multiple_party,06252010,Escobar,06252,Escobar,,06805010,Tigre,8.5481,True,True,
534A,06805,Tigre,683,General San Martín,06805_general_san_martin,label_matches_other_party,exact_other_or_multiple_party,06371010,General San Martín,06371,General San Martín,,06805010,Tigre,16.7039,True,True,
533,06805,Tigre,684,San Fernando,06805_san_fernando,label_matches_other_party,exact_other_or_multiple_party,06749010,San Fernando,06749,San Fernando,0.7013,06805010,Tigre,0.1196,True,True,
304B,06648,Presidente Perón,685,Esteban Echeverría,06648_esteban_echeverria,label_matches_other_party,exact_other_or_multiple_party,06260010,Esteban Echeverría,06260,Esteban Echeverría,,06648010,Presidente Perón,57.6306,True,True,
304C,06648,Presidente Perón,686,Almirante Brown,06648_almirante_brown,label_matches_other_party,exact_other_or_multiple_party,06028010,Almirante Brown,06028,Almirante Brown,,06648010,Presidente Perón,9.8261,True,True,
304,06648,Presidente Perón,687,Almirante Brown,06648_almirante_brown,label_matches_other_party,exact_other_or_multiple_party,06028010,Almirante Brown,06028,Almirante Brown,,06648010,Presidente Perón,3.9294,True,True,
304A,06648,Presidente Perón,688,Almirante Brown,06648_almirante_brown,label_matches_other_party,exact_other_or_multiple_party,06028010,Almirante Brown,06028,Almirante Brown,,06648010,Presidente Perón,28.2665,True,True,
672,06568,Morón,689,Ituzaingó,06568_ituzaingo,label_matches_other_party,exact_other_or_multiple_party,06410010,Ituzaingó,06410,Ituzaingó,,06568010,Morón,14.3277,True,True,
670,06568,Morón,690,La Matanza,06568_la_matanza,label_matches_other_party,exact_other_or_multiple_party,06427010,La Matanza,06427,La Matanza,,06568010,Morón,3.8408,True,True,
665,06568,Morón,691,La Matanza,06568_la_matanza,label_matches_other_party,exact_other_or_multiple_party,06427010,La Matanza,06427,La Matanza,,06568010,Morón,22.7746,True,True,
669,06568,Morón,692,La Matanza,06568_la_matanza,label_matches_other_party,exact_other_or_multiple_party,06427010,La Matanza,06427,La Matanza,,06568010,Morón,11.6869,True,True,
673,06568,Morón,693,Merlo,06568_merlo,label_matches_other_party,exact_other_or_multiple_party,06539010,Merlo,06539,Merlo,,06568010,Morón,21.9045,True,True,
671,06568,Morón,694,Hurlingham,06568_hurlingham,label_matches_other_party,exact_other_or_multiple_party,06408010,Hurlingham,06408,Hurlingham,,06568010,Morón,25.3172,True,True,
151,06119,Brandsen,695,Barrio Las Golondrinas,06119_barrio_las_golondrinas,valid_same_party_spatial,exact_same_party,06119020,Barrio Las Golondrinas,06119,Brandsen,100.0,06119060 | 06119020,Gómez | Barrio Las Golondrinas,100.0 | 100.0,True,True,
624A,06525,Marcos Paz,696,Barrio Lisandro de La Torre y Santa Marta,06525_barrio_lisandro_de_la_torre_y_santa_marta,valid_same_party_spatial,exact_same_party,06525005,Barrio Lisandro de La Torre y Santa Marta,06525,Marcos Paz,98.0172,06525005 | 06525010 | 06525020,Barrio Lisandro de La Torre y Santa Marta | Barrio Santa Rosa | Marcos Paz,98.0172 | 97.4037 | 0.1884,True,True,
172,06154,Carlos Tejedor,697,,,blank_without_official_overlap,blank,,,,,,,,,True,True,
983,06854,25 De Mayo,698,Norberto de la Riestra,06854_norberto_de_la_riestra,valid_same_party_spatial,exact_same_party,06854060,Norberto de la Riestra,06854,25 de Mayo,100.0,06854060,Norberto de la Riestra,100.0,True,True,
987,06854,25 De Mayo,699,,,blank_without_official_overlap,blank,,,,,,,,,True,True,
981,06854,25 De Mayo,700,,,blank_without_official_overlap,blank,,,,,,,,,True,True,
982,06854,25 De Mayo,701,,,blank_without_official_overlap,blank,,,,,,,,,True,True,
988,06854,25 De Mayo,702,,,blank_without_official_overlap,blank,,,,,,,,,True,True,
984,06854,25 De Mayo,703,,,blank_without_official_overlap,blank,,,,,,,,,True,True,
985,06854,25 De Mayo,704,,,blank_without_official_overlap,blank,,,,,,,,,True,True,
986,06854,25 De Mayo,705,,,blank_without_official_overlap,blank,,,,,,,,,True,True,
991,06854,25 De Mayo,706,,,blank_without_official_overlap,blank,,,,,,,,,True,True,
961A,06826,Trenque Lauquen,707,,,blank_without_official_overlap,blank,,,,,,,,,True,True,
958,06826,Trenque Lauquen,708,,,blank_without_official_overlap,blank,,,,,,,,,True,True,
959,06826,Trenque Lauquen,709,,,blank_without_official_overlap,blank,,,,,,,,,True,True,
959A,06826,Trenque Lauquen,710,,,blank_without_official_overlap,blank,,,,,,,,,True,True,
957,06826,Trenque Lauquen,711,Trenque Lauquen,06826_trenque_lauquen,valid_same_party_spatial,exact_same_party,06826050,Trenque Lauquen,06826,Trenque Lauquen,100.0,06826050,Trenque Lauquen,100.0,True,True,
961,06826,Trenque Lauquen,712,30 de Agosto,06826_30_de_agosto,valid_same_party_spatial,exact_same_party,06826040,30 de Agosto,06826,Trenque Lauquen,100.0,06826040,30 de Agosto,100.0,True,True,
961B,06826,Trenque Lauquen,713,,,blank_without_official_overlap,blank,,,,,,,,,True,True,
961D,06826,Trenque Lauquen,714,,,blank_without_official_overlap,blank,,,,,,,,,True,True,
960,06826,Trenque Lauquen,715,,,blank_without_official_overlap,blank,,,,,,,,,True,True,
833,06693,Roque Pérez,716,,,blank_without_official_overlap,blank,,,,,,,,,True,True,
834,06693,Roque Pérez,717,Roque Pérez,06693_roque_perez,valid_same_party_spatial,exact_same_party,06693020,Roque Pérez,06693,Roque Pérez,7.7158,06693020,Roque Pérez,7.7158,True,True,
722,06595,Olavarría,718,,,blank_without_official_overlap,blank,,,,,,,,,True,True,
723,06595,Olavarría,719,,,blank_without_official_overlap,blank,,,,,,,,,True,True,
723A,06595,Olavarría,720,,,blank_without_official_overlap,blank,,,,,,,,,True,True,
724,06595,Olavarría,721,,,blank_without_official_overlap,blank,,,,,,,,,True,True,
726,06595,Olavarría,722,,,blank_without_official_overlap,blank,,,,,,,,,True,True,
721,06595,Olavarría,723,,,blank_without_official_overlap,blank,,,,,,,,,True,True,
719,06595,Olavarría,724,Olavarría,06595_olavarria,same_party_label_without_spatial_overlap,exact_same_party,06595070,Olavarría,06595,Olavarría,,06595120,Villa Alfredo Fortabat - Villa La Serranía,71.7355,True,True,
717,06595,Olavarría,725,Sierras Bayas,06595_sierras_bayas,valid_same_party_spatial,exact_same_party,06595110,Sierras Bayas,06595,Olavarría,70.4275,06595110,Sierras Bayas,70.4275,True,True,
711A,06595,Olavarría,726,Olavarría,06595_olavarria,valid_same_party_spatial,exact_same_party,06595070,Olavarría,06595,Olavarría,9.4075,06595070,Olavarría,9.4075,True,True,
718,06595,Olavarría,727,,,blank_without_official_overlap,blank,,,,,,,,,True,True,
720,06595,Olavarría,728,,,blank_without_official_overlap,blank,,,,,,,,,True,True,
715,06595,Olavarría,729,Hinojo,06595_hinojo,valid_same_party_spatial,exact_same_party,06595060,Hinojo,06595,Olavarría,100.0,06595060,Hinojo,100.0,True,True,
653,06539,Merlo,730,La Matanza,06539_la_matanza,label_matches_other_party,exact_other_or_multiple_party,06427010,La Matanza,06427,La Matanza,,06539010,Merlo,13.537,True,True,
652,06539,Merlo,731,Ituzaingó,06539_ituzaingo,label_matches_other_party,exact_other_or_multiple_party,06410010,Ituzaingó,06410,Ituzaingó,,06539010,Merlo,7.7895,True,True,
655,06539,Merlo,732,Ituzaingó,06539_ituzaingo,label_matches_other_party,exact_other_or_multiple_party,06410010,Ituzaingó,06410,Ituzaingó,,06539010,Merlo,5.3145,True,True,
652A,06539,Merlo,733,Merlo,06539_merlo,valid_same_party_spatial,exact_same_party,06539010,Merlo,06539,Merlo,17.6011,06539010,Merlo,17.6011,True,True,
655A,06539,Merlo,734,Marcos Paz,06539_marcos_paz,label_matches_other_party,exact_other_or_multiple_party,06525020,Marcos Paz,06525,Marcos Paz,,06539010,Merlo,33.6383,True,True,
654,06539,Merlo,735,La Matanza,06539_la_matanza,label_matches_other_party,exact_other_or_multiple_party,06427010,La Matanza,06427,La Matanza,,06539010,Merlo,21.591,True,True,
289,06270,Ezeiza,736,Esteban Echeverría,06270_esteban_echeverria,label_matches_other_party,exact_other_or_multiple_party,06260010,Esteban Echeverría,06260,Esteban Echeverría,0.1322,06270010,Ezeiza,35.1457,True,True,
290,06270,Ezeiza,737,Ezeiza,06270_ezeiza,valid_same_party_spatial,exact_same_party,06270010,Ezeiza,06270,Ezeiza,5.4144,06270010,Ezeiza,5.4144,True,True,
290B,06270,Ezeiza,738,Ezeiza,06270_ezeiza,valid_same_party_spatial,exact_same_party,06270010,Ezeiza,06270,Ezeiza,30.7193,06270010,Ezeiza,30.7193,True,True,
290A,06270,Ezeiza,739,Ezeiza,06270_ezeiza,valid_same_party_spatial,exact_same_party,06270010,Ezeiza,06270,Ezeiza,28.4998,06270010,Ezeiza,28.4998,True,True,
287,06260,Esteban Echeverría,740,Esteban Echeverría,06260_esteban_echeverria,valid_same_party_spatial,exact_same_party,06260010,Esteban Echeverría,06260,Esteban Echeverría,4.7168,06260010,Esteban Echeverría,4.7168,True,True,
288A,06260,Esteban Echeverría,741,Esteban Echeverría,06260_esteban_echeverria,valid_same_party_spatial,exact_same_party,06260010,Esteban Echeverría,06260,Esteban Echeverría,3.4262,06260010,Esteban Echeverría,3.4262,True,True,
288B,06260,Esteban Echeverría,742,Esteban Echeverría,06260_esteban_echeverria,valid_same_party_spatial,exact_same_party,06260010,Esteban Echeverría,06260,Esteban Echeverría,7.3222,06260010,Esteban Echeverría,7.3222,True,True,
286A,06260,Esteban Echeverría,743,Esteban Echeverría,06260_esteban_echeverria,valid_same_party_spatial,exact_same_party,06260010,Esteban Echeverría,06260,Esteban Echeverría,15.3083,06260010,Esteban Echeverría,15.3083,True,True,
286,06260,Esteban Echeverría,744,Esteban Echeverría,06260_esteban_echeverria,valid_same_party_spatial,exact_same_party,06260010,Esteban Echeverría,06260,Esteban Echeverría,6.2511,06260010,Esteban Echeverría,6.2511,True,True,
287B,06260,Esteban Echeverría,745,Esteban Echeverría,06260_esteban_echeverria,valid_same_party_spatial,exact_same_party,06260010,Esteban Echeverría,06260,Esteban Echeverría,20.802,06260010,Esteban Echeverría,20.802,True,True,
287C,06260,Esteban Echeverría,746,Esteban Echeverría,06260_esteban_echeverria,valid_same_party_spatial,exact_same_party,06260010,Esteban Echeverría,06260,Esteban Echeverría,16.1885,06260010,Esteban Echeverría,16.1885,True,True,
287D,06260,Esteban Echeverría,747,Almirante Brown,06260_almirante_brown,label_matches_other_party,exact_other_or_multiple_party,06028010,Almirante Brown,06028,Almirante Brown,,06260010,Esteban Echeverría,9.7009,True,True,
288,06260,Esteban Echeverría,748,Almirante Brown,06260_almirante_brown,label_matches_other_party,exact_other_or_multiple_party,06028010,Almirante Brown,06028,Almirante Brown,,06260010,Esteban Echeverría,4.9826,True,True,
291,06260,Esteban Echeverría,749,Almirante Brown,06260_almirante_brown,label_matches_other_party,exact_other_or_multiple_party,06028010,Almirante Brown,06028,Almirante Brown,,06260010,Esteban Echeverría,2.7439,True,True,
287A,06260,Esteban Echeverría,750,Esteban Echeverría,06260_esteban_echeverria,valid_same_party_spatial,exact_same_party,06260010,Esteban Echeverría,06260,Esteban Echeverría,4.2196,06260010,Esteban Echeverría,4.2196,True,True,
291A,06260,Esteban Echeverría,751,Esteban Echeverría,06260_esteban_echeverria,valid_same_party_spatial,exact_same_party,06260010,Esteban Echeverría,06260,Esteban Echeverría,4.055,06260010,Esteban Echeverría,4.055,True,True,
948,06798,Tapalqué,752,,,blank_without_official_overlap,blank,,,,,,,,,True,True,
944,06798,Tapalqué,753,Tapalqué,06798_tapalque,valid_same_party_spatial,exact_same_party,06798020,Tapalqué,06798,Tapalqué,96.7651,06798020,Tapalqué,96.7651,True,True,
949,06798,Tapalqué,754,,,blank_without_official_overlap,blank,,,,,,,,,True,True,
945,06798,Tapalqué,755,Tapalqué,06798_tapalque,valid_same_party_spatial,exact_same_party,06798020,Tapalqué,06798,Tapalqué,3.2349,06798020,Tapalqué,3.2349,True,True,
946,06798,Tapalqué,756,,,blank_without_official_overlap,blank,,,,,,,,,True,True,
947,06798,Tapalqué,757,,,blank_without_official_overlap,blank,,,,,,,,,True,True,
854,06714,Salto,758,Salto,06714_salto,valid_same_party_spatial,exact_same_party,06714060,Salto,06714,Salto,89.7211,06714060,Salto,89.7211,True,True,
855,06714,Salto,759,Arroyo Dulce,06714_arroyo_dulce,valid_same_party_spatial,exact_same_party,06714010,Arroyo Dulce,06714,Salto,99.7708,06714010,Arroyo Dulce,99.7708,True,True,
855A,06714,Salto,760,Salto,06714_salto,valid_same_party_spatial,exact_same_party,06714060,Salto,06714,Salto,0.1539,06714060,Salto,0.1539,True,True,
856,06714,Salto,761,Salto,06714_salto,valid_same_party_spatial,exact_same_party,06714060,Salto,06714,Salto,10.125,06714060,Salto,10.125,True,True,
857,06714,Salto,762,,,blank_without_official_overlap,blank,,,,,,,,,True,True,
857A,06714,Salto,763,,,blank_without_official_overlap,blank,,,,,,,,,True,True,
857B,06714,Salto,764,,,blank_without_official_overlap,blank,,,,,,,,,True,True,
858,06714,Salto,765,,,blank_without_official_overlap,blank,,,,,,,,,True,True,
295,06266,Exaltación De La Cruz,766,Torres,06266_torres,valid_same_party_spatial,exact_same_party,06266160,Torres,06266,Exaltación de la Cruz,98.7676,06266160 | 06266060,Torres | Pavón - Barrio El Remanso - Barrio Los Pinos,98.7676 | 59.5578,True,True,
294,06266,Exaltación De La Cruz,767,Pavón - Barrio El Remanso - Barrio Los Pinos,06266_pavon_barrio_el_remanso_barrio_los_pinos,valid_same_party_spatial,exact_same_party,06266060,Pavón - Barrio El Remanso - Barrio Los Pinos,06266,Exaltación de la Cruz,31.649,06266060,Pavón - Barrio El Remanso - Barrio Los Pinos,31.649,True,True,
293,06266,Exaltación De La Cruz,768,Campana,06266_campana,label_matches_other_party,exact_other_or_multiple_party,06126030,Campana,06126,Campana,0.227,06266150 | 06266040 | 06266060,Las Vizcachas | Los Cardales | Pavón - Barrio El Remanso - Barrio Los Pinos,100.0 | 99.8854 | 8.4375,True,True,
397A,06760,San Miguel,769,José C. Paz,06760_jose_c_paz,label_matches_other_party,exact_other_or_multiple_party,06412010,José C. Paz,06412,José C. Paz,,06760010,San Miguel,6.1157,True,True,
397C,06760,San Miguel,770,Moreno,06760_moreno,label_matches_other_party,exact_other_or_multiple_party,06560010,Moreno,06560,Moreno,,06760010,San Miguel,1.9013,True,True,
397,06760,San Miguel,771,José C. Paz,06760_jose_c_paz,label_matches_other_party,exact_other_or_multiple_party,06412010,José C. Paz,06412,José C. Paz,,06760010,San Miguel,9.8741,True,True,
400,06760,San Miguel,772,Moreno,06760_moreno,label_matches_other_party,exact_other_or_multiple_party,06560010,Moreno,06560,Moreno,,06760010,San Miguel,11.1255,True,True,
401A,06760,San Miguel,773,Hurlingham,06760_hurlingham,label_matches_other_party,exact_other_or_multiple_party,06408010,Hurlingham,06408,Hurlingham,,06760010,San Miguel,11.3739,True,True,
401,06760,San Miguel,774,General San Martín,06760_general_san_martin,label_matches_other_party,exact_other_or_multiple_party,06371010,General San Martín,06371,General San Martín,,06760010,San Miguel,37.1301,True,True,
402,06760,San Miguel,775,Ituzaingó,06760_ituzaingo,label_matches_other_party,exact_other_or_multiple_party,06410010,Ituzaingó,06410,Ituzaingó,,06760010,San Miguel,14.6587,True,True,
397B,06760,San Miguel,776,José C. Paz,06760_jose_c_paz,label_matches_other_party,exact_other_or_multiple_party,06412010,José C. Paz,06412,José C. Paz,,06760010,San Miguel,6.6462,True,True,
769A,06638,Pilar,777,Lujan,06638_lujan,label_matches_other_party,exact_other_or_multiple_party,06497060,Luján,06497,Luján,,06638040,Pilar,8.2924,True,True,
772A,06638,Pilar,778,Escobar,06638_escobar,label_matches_other_party,exact_other_or_multiple_party,06252010,Escobar,06252,Escobar,,06638040,Pilar,5.495,True,True,
769,06638,Pilar,779,Los Cardales,06638_los_cardales,label_matches_other_party,exact_other_or_multiple_party,06266040,Los Cardales,06266,Exaltación de la Cruz,0.1146,06638040,Pilar,14.2962,True,True,
770C,06638,Pilar,780,José C. Paz,06638_jose_c_paz,label_matches_other_party,exact_other_or_multiple_party,06412010,José C. Paz,06412,José C. Paz,,06638040,Pilar,2.2871,True,True,
770D,06638,Pilar,781,José C. Paz,06638_jose_c_paz,label_matches_other_party,exact_other_or_multiple_party,06412010,José C. Paz,06412,José C. Paz,,06638040,Pilar,1.4302,True,True,
771D,06638,Pilar,782,Escobar,06638_escobar,label_matches_other_party,exact_other_or_multiple_party,06252010,Escobar,06252,Escobar,,06638040,Pilar,2.7453,True,True,
771A,06638,Pilar,783,Escobar,06638_escobar,label_matches_other_party,exact_other_or_multiple_party,06252010,Escobar,06252,Escobar,,06638040,Pilar,1.3712,True,True,
771,06638,Pilar,784,Escobar,06638_escobar,label_matches_other_party,exact_other_or_multiple_party,06252010,Escobar,06252,Escobar,,06638040,Pilar,1.2371,True,True,
771B,06638,Pilar,785,Escobar,06638_escobar,label_matches_other_party,exact_other_or_multiple_party,06252010,Escobar,06252,Escobar,,06638040,Pilar,2.4804,True,True,
768C,06638,Pilar,786,General Rodríguez,06638_general_rodriguez,label_matches_other_party,exact_other_or_multiple_party,06364030,General Rodríguez,06364,General Rodríguez,,06638040,Pilar,26.2629,True,True,
772,06638,Pilar,787,Pilar,06638_pilar,valid_same_party_spatial,exact_same_party,06638040,Pilar,06638,Pilar,7.2507,06638040,Pilar,7.2507,True,True,
772B,06638,Pilar,788,Campana,06638_campana,label_matches_other_party,exact_other_or_multiple_party,06126030,Campana,06126,Campana,,06638040,Pilar,6.3816,True,True,
768,06638,Pilar,789,Pilar,06638_pilar,valid_same_party_spatial,exact_same_party,06638040,Pilar,06638,Pilar,4.4517,06638040,Pilar,4.4517,True,True,
771C,06638,Pilar,790,José C. Paz,06638_jose_c_paz,label_matches_other_party,exact_other_or_multiple_party,06412010,José C. Paz,06412,José C. Paz,,06638040,Pilar,2.4827,True,True,
596,06497,Luján,791,Lujan,06497_lujan,valid_same_party_spatial,exact_same_party,06497060,Luján,06497,Luján,6.4539,06497060,Luján,6.4539,True,True,
598,06497,Luján,792,General Rodríguez,06497_general_rodriguez,label_matches_other_party,exact_other_or_multiple_party,06364030,General Rodríguez,06364,General Rodríguez,0.2879,06497060,Luján,19.3781,True,True,
599,06497,Luján,793,Lujan,06497_lujan,valid_same_party_spatial,exact_same_party,06497060,Luján,06497,Luján,22.5461,06497060,Luján,22.5461,True,True,
600,06497,Luján,794,Torres,06497_torres,valid_same_party_spatial,exact_same_party,06497090,Torres,06497,Luján,97.7273,06497090 | 06497060,Torres | Luján,97.7273 | 11.2041,True,True,
601,06497,Luján,795,,,blank_without_official_overlap,blank,,,,,,,,,True,True,
603,06497,Luján,796,Olivera,06497_olivera,valid_same_party_spatial,exact_same_party,06497070,Olivera,06497,Luján,99.9997,06497070,Olivera,99.9997,True,True,
602,06497,Luján,797,Lujan,06497_lujan,valid_same_party_spatial,exact_same_party,06497060,Luján,06497,Luján,17.0347,06497060,Luján,17.0347,True,True,
597,06497,Luján,798,Club de Campo Los Puentes,06497_club_de_campo_los_puentes,valid_same_party_spatial,exact_same_party,06497025,Club de Campo Los Puentes,06497,Luján,100.0,06497025 | 06497060,Club de Campo Los Puentes | Luján,100.0 | 23.3589,True,True,
668,06408,Hurlingham,799,Hurlingham,06408_hurlingham,valid_same_party_spatial,exact_same_party,06408010,Hurlingham,06408,Hurlingham,29.0398,06408010,Hurlingham,29.0398,True,True,
668B,06408,Hurlingham,800,Hurlingham,06408_hurlingham,valid_same_party_spatial,exact_same_party,06408010,Hurlingham,06408,Hurlingham,27.0442,06408010,Hurlingham,27.0442,True,True,
668A,06408,Hurlingham,801,Hurlingham,06408_hurlingham,valid_same_party_spatial,exact_same_party,06408010,Hurlingham,06408,Hurlingham,43.7256,06408010,Hurlingham,43.7256,True,True,
399A,06515,Malvinas Argentinas,802,Malvinas Argentinas,06515_malvinas_argentinas,valid_same_party_spatial,exact_same_party,06515010,Malvinas Argentinas,06515,Malvinas Argentinas,13.3947,06515010,Malvinas Argentinas,13.3947,True,True,
399C,06515,Malvinas Argentinas,803,Malvinas Argentinas,06515_malvinas_argentinas,valid_same_party_spatial,exact_same_party,06515010,Malvinas Argentinas,06515,Malvinas Argentinas,9.3706,06515010,Malvinas Argentinas,9.3706,True,True,
399D,06515,Malvinas Argentinas,804,Malvinas Argentinas,06515_malvinas_argentinas,valid_same_party_spatial,exact_same_party,06515010,Malvinas Argentinas,06515,Malvinas Argentinas,13.4048,06515010,Malvinas Argentinas,13.4048,True,True,
399E,06515,Malvinas Argentinas,805,Malvinas Argentinas,06515_malvinas_argentinas,valid_same_party_spatial,exact_same_party,06515010,Malvinas Argentinas,06515,Malvinas Argentinas,5.7811,06515010,Malvinas Argentinas,5.7811,True,True,
399F,06515,Malvinas Argentinas,806,José C. Paz,06515_jose_c_paz,label_matches_other_party,exact_other_or_multiple_party,06412010,José C. Paz,06412,José C. Paz,,06515010,Malvinas Argentinas,17.5079,True,True,
399,06515,Malvinas Argentinas,807,José C. Paz,06515_jose_c_paz,label_matches_other_party,exact_other_or_multiple_party,06412010,José C. Paz,06412,José C. Paz,,06515010,Malvinas Argentinas,16.5171,True,True,
399G,06515,Malvinas Argentinas,808,Malvinas Argentinas,06515_malvinas_argentinas,valid_same_party_spatial,exact_same_party,06515010,Malvinas Argentinas,06515,Malvinas Argentinas,5.8263,06515010,Malvinas Argentinas,5.8263,True,True,
399B,06515,Malvinas Argentinas,809,Malvinas Argentinas,06515_malvinas_argentinas,valid_same_party_spatial,exact_same_party,06515010,Malvinas Argentinas,06515,Malvinas Argentinas,17.7642,06515010,Malvinas Argentinas,17.7642,True,True,
745,06847,Tres Lomas,810,,,blank_without_official_overlap,blank,,,,,,,,,True,True,
744,06847,Tres Lomas,811,Tres Lomas,06847_tres_lomas,valid_same_party_spatial,exact_same_party,06847020,Tres Lomas,06847,Tres Lomas,100.0,06847020,Tres Lomas,100.0,True,True,
382,06371,General San Martín,812,General San Martín,06371_general_san_martin,valid_same_party_spatial,exact_same_party,06371010,General San Martín,06371,General San Martín,5.8201,06371010,General San Martín,5.8201,True,True,
376,06371,General San Martín,813,General San Martín,06371_general_san_martin,valid_same_party_spatial,exact_same_party,06371010,General San Martín,06371,General San Martín,5.0209,06371010,General San Martín,5.0209,True,True,
377,06371,General San Martín,814,General San Martín,06371_general_san_martin,valid_same_party_spatial,exact_same_party,06371010,General San Martín,06371,General San Martín,5.6358,06371010,General San Martín,5.6358,True,True,
378,06371,General San Martín,815,General San Martín,06371_general_san_martin,valid_same_party_spatial,exact_same_party,06371010,General San Martín,06371,General San Martín,7.0475,06371010,General San Martín,7.0475,True,True,
388A,06371,General San Martín,816,General San Martín,06371_general_san_martin,valid_same_party_spatial,exact_same_party,06371010,General San Martín,06371,General San Martín,7.2498,06371010,General San Martín,7.2498,True,True,
381,06371,General San Martín,817,General San Martín,06371_general_san_martin,valid_same_party_spatial,exact_same_party,06371010,General San Martín,06371,General San Martín,19.3339,06371010,General San Martín,19.3339,True,True,
377A,06371,General San Martín,818,General San Martín,06371_general_san_martin,valid_same_party_spatial,exact_same_party,06371010,General San Martín,06371,General San Martín,14.3455,06371010,General San Martín,14.3455,True,True,
388B,06371,General San Martín,819,General San Martín,06371_general_san_martin,valid_same_party_spatial,exact_same_party,06371010,General San Martín,06371,General San Martín,11.8615,06371010,General San Martín,11.8615,True,True,
388C,06371,General San Martín,820,General San Martín,06371_general_san_martin,valid_same_party_spatial,exact_same_party,06371010,General San Martín,06371,General San Martín,5.8192,06371010,General San Martín,5.8192,True,True,
379,06371,General San Martín,821,General San Martín,06371_general_san_martin,valid_same_party_spatial,exact_same_party,06371010,General San Martín,06371,General San Martín,6.8305,06371010,General San Martín,6.8305,True,True,
380,06371,General San Martín,822,General San Martín,06371_general_san_martin,valid_same_party_spatial,exact_same_party,06371010,General San Martín,06371,General San Martín,6.6167,06371010,General San Martín,6.6167,True,True,
384,06371,General San Martín,823,General San Martín,06371_general_san_martin,valid_same_party_spatial,exact_same_party,06371010,General San Martín,06371,General San Martín,4.0684,06371010,General San Martín,4.0684,True,True,
490,06245,Ensenada,824,Berisso,06245_berisso,label_matches_other_party,exact_other_or_multiple_party,06098010,Berisso,06098,Berisso,,06245010,Ensenada,4.5821,True,True,
491,06245,Ensenada,825,Berazategui,06245_berazategui,label_matches_other_party,exact_other_or_multiple_party,06091010,Berazategui,06091,Berazategui,,06245010,Ensenada,76.4929,True,True,
491A,06245,Ensenada,826,Berazategui,06245_berazategui,label_matches_other_party,exact_other_or_multiple_party,06091010,Berazategui,06091,Berazategui,,06245010,Ensenada,10.3444,True,True,
492,06245,Ensenada,827,Ensenada,06245_ensenada,valid_same_party_spatial,exact_same_party,06245010,Ensenada,06245,Ensenada,8.3983,06245010,Ensenada,8.3983,True,True,
888,06756,San Isidro,828,San Isidro,06756_san_isidro,valid_same_party_spatial,exact_same_party,06756010,San Isidro,06756,San Isidro,3.8463,06756010,San Isidro,3.8463,True,True,
890,06756,San Isidro,829,San Fernando,06756_san_fernando,label_matches_other_party,exact_other_or_multiple_party,06749010,San Fernando,06749,San Fernando,,06756010,San Isidro,1.0237,True,True,
887,06756,San Isidro,830,San Isidro,06756_san_isidro,valid_same_party_spatial,exact_same_party,06756010,San Isidro,06756,San Isidro,4.7266,06756010,San Isidro,4.7266,True,True,
891,06756,San Isidro,831,San Isidro,06756_san_isidro,valid_same_party_spatial,exact_same_party,06756010,San Isidro,06756,San Isidro,20.9096,06756010,San Isidro,20.9096,True,True,
892,06756,San Isidro,832,San Fernando,06756_san_fernando,label_matches_other_party,exact_other_or_multiple_party,06749010,San Fernando,06749,San Fernando,,06756010,San Isidro,23.2814,True,True,
892A,06756,San Isidro,833,General San Martín,06756_general_san_martin,label_matches_other_party,exact_other_or_multiple_party,06371010,General San Martín,06371,General San Martín,,06756010,San Isidro,10.1687,True,True,
894,06756,San Isidro,834,San Isidro,06756_san_isidro,valid_same_party_spatial,exact_same_party,06756010,San Isidro,06756,San Isidro,3.1505,06756010,San Isidro,3.1505,True,True,
895,06756,San Isidro,835,San Isidro,06756_san_isidro,valid_same_party_spatial,exact_same_party,06756010,San Isidro,06756,San Isidro,7.9267,06756010,San Isidro,7.9267,True,True,
889,06756,San Isidro,836,San Fernando,06756_san_fernando,label_matches_other_party,exact_other_or_multiple_party,06749010,San Fernando,06749,San Fernando,,06756010,San Isidro,9.1276,True,True,
893,06756,San Isidro,837,San Fernando,06756_san_fernando,label_matches_other_party,exact_other_or_multiple_party,06749010,San Fernando,06749,San Fernando,,06756010,San Isidro,15.6299,True,True,
231,06175,Colón,838,,,blank_without_official_overlap,blank,,,,,,,,,True,True,
230,06175,Colón,839,Colón,06175_colon,valid_same_party_spatial,exact_same_party,06175010,Colón,06175,Colón,100.0,06175010,Colón,100.0,True,True,
230A,06175,Colón,840,,,blank_without_official_overlap,blank,,,,,,,,,True,True,
666,06410,Ituzaingó,841,Hurlingham,06410_hurlingham,label_matches_other_party,exact_other_or_multiple_party,06408010,Hurlingham,06408,Hurlingham,,06410010,Ituzaingó,31.3817,True,True,
667,06410,Ituzaingó,842,Ituzaingó,06410_ituzaingo,valid_same_party_spatial,exact_same_party,06410010,Ituzaingó,06410,Ituzaingó,28.7577,06410010,Ituzaingó,28.7577,True,True,
666A,06410,Ituzaingó,843,Hurlingham,06410_hurlingham,label_matches_other_party,exact_other_or_multiple_party,06408010,Hurlingham,06408,Hurlingham,,06410010,Ituzaingó,39.4182,True,True,
374,06364,General Rodríguez,844,General Rodríguez,06364_general_rodriguez,valid_same_party_spatial,exact_same_party,06364030,General Rodríguez,06364,General Rodríguez,99.4566,06364030,General Rodríguez,99.4566,True,True,
929,06784,Suipacha,845,Suipacha,06784_suipacha,valid_same_party_spatial,exact_same_party,06784020,Suipacha,06784,Suipacha,100.0,06784020,Suipacha,100.0,True,True,
929A,06784,Suipacha,846,,,blank_without_official_overlap,blank,,,,,,,,,True,True,
930,06784,Suipacha,847,,,blank_without_official_overlap,blank,,,,,,,,,True,True,
931,06784,Suipacha,848,,,blank_without_official_overlap,blank,,,,,,,,,True,True,
390,06840,Tres De Febrero,849,General San Martín,06840_general_san_martin,label_matches_other_party,exact_other_or_multiple_party,06371010,General San Martín,06371,General San Martín,0.1222,06840010,Tres de Febrero,4.4811,True,True,
394,06840,Tres De Febrero,850,Hurlingham,06840_hurlingham,label_matches_other_party,exact_other_or_multiple_party,06408010,Hurlingham,06408,Hurlingham,,06840010,Tres de Febrero,24.8401,True,True,
394A,06840,Tres De Febrero,851,Morón,06840_moron,label_matches_other_party,exact_other_or_multiple_party,06568010,Morón,06568,Morón,,06840010,Tres de Febrero,7.5055,True,True,
395,06840,Tres De Febrero,852,General San Martín,06840_general_san_martin,label_matches_other_party,exact_other_or_multiple_party,06371010,General San Martín,06371,General San Martín,,06840010,Tres de Febrero,14.4631,True,True,
389,06840,Tres De Febrero,853,General San Martín,06840_general_san_martin,label_matches_other_party,exact_other_or_multiple_party,06371010,General San Martín,06371,General San Martín,,06840010,Tres de Febrero,2.1826,True,True,
391,06840,Tres De Febrero,854,General San Martín,06840_general_san_martin,label_matches_other_party,exact_other_or_multiple_party,06371010,General San Martín,06371,General San Martín,,06840010,Tres de Febrero,27.6508,True,True,
392,06840,Tres De Febrero,855,Tres de Febrero,06840_tres_de_febrero,valid_same_party_spatial,exact_same_party,06840010,Tres de Febrero,06840,Tres de Febrero,3.609,06840010,Tres de Febrero,3.609,True,True,
393,06840,Tres De Febrero,856,La Matanza,06840_la_matanza,label_matches_other_party,exact_other_or_multiple_party,06427010,La Matanza,06427,La Matanza,,06840010,Tres de Febrero,14.3156,True,True,
302A,06274,Florencio Varela,857,Almirante Brown,06274_almirante_brown,label_matches_other_party,exact_other_or_multiple_party,06028010,Almirante Brown,06028,Almirante Brown,,06274010,Florencio Varela,5.3613,True,True,
302B,06274,Florencio Varela,858,Almirante Brown,06274_almirante_brown,label_matches_other_party,exact_other_or_multiple_party,06028010,Almirante Brown,06028,Almirante Brown,,06274010,Florencio Varela,3.4866,True,True,
302C,06274,Florencio Varela,859,Florencio Varela,06274_florencio_varela,valid_same_party_spatial,exact_same_party,06274010,Florencio Varela,06274,Florencio Varela,4.9071,06274010,Florencio Varela,4.9071,True,True,
302F,06274,Florencio Varela,860,Almirante Brown,06274_almirante_brown,label_matches_other_party,exact_other_or_multiple_party,06028010,Almirante Brown,06028,Almirante Brown,,06274010,Florencio Varela,26.9499,True,True,
303,06274,Florencio Varela,861,Berazategui,06274_berazategui,label_matches_other_party,exact_other_or_multiple_party,06091010,Berazategui,06091,Berazategui,,06274010,Florencio Varela,19.3006,True,True,
303A,06274,Florencio Varela,862,Florencio Varela,06274_florencio_varela,valid_same_party_spatial,exact_same_party,06274010,Florencio Varela,06274,Florencio Varela,10.0291,06274010,Florencio Varela,10.0291,True,True,
302D,06274,Florencio Varela,863,Berazategui,06274_berazategui,label_matches_other_party,exact_other_or_multiple_party,06091010,Berazategui,06091,Berazategui,,06274010,Florencio Varela,2.1361,True,True,
302,06274,Florencio Varela,864,Berazategui,06274_berazategui,label_matches_other_party,exact_other_or_multiple_party,06091010,Berazategui,06091,Berazategui,,06274010,Florencio Varela,9.7041,True,True,
302E,06274,Florencio Varela,865,Berazategui,06274_berazategui,label_matches_other_party,exact_other_or_multiple_party,06091010,Berazategui,06091,Berazategui,,06274010,Florencio Varela,6.4881,True,True,
303B,06274,Florencio Varela,866,Berazategui,06274_berazategui,label_matches_other_party,exact_other_or_multiple_party,06091010,Berazategui,06091,Berazategui,,06274010,Florencio Varela,11.3682,True,True,
162,06134,Cañuelas,867,,,blank_without_official_overlap,blank,,,,,,,,,True,True,
783,06658,Quilmes,868,Quilmes,06658_quilmes,valid_same_party_spatial,exact_same_party,06658010,Quilmes,06658,Quilmes,2.4107,06658010,Quilmes,2.4107,True,True,
784,06658,Quilmes,869,Quilmes,06658_quilmes,valid_same_party_spatial,exact_same_party,06658010,Quilmes,06658,Quilmes,4.6358,06658010,Quilmes,4.6358,True,True,
785,06658,Quilmes,870,Quilmes,06658_quilmes,valid_same_party_spatial,exact_same_party,06658010,Quilmes,06658,Quilmes,7.7252,06658010,Quilmes,7.7252,True,True,
785A,06658,Quilmes,871,Quilmes,06658_quilmes,valid_same_party_spatial,exact_same_party,06658010,Quilmes,06658,Quilmes,4.6175,06658010,Quilmes,4.6175,True,True,
791A,06658,Quilmes,872,Berazategui,06658_berazategui,label_matches_other_party,exact_other_or_multiple_party,06091010,Berazategui,06091,Berazategui,,06658010,Quilmes,4.8605,True,True,
785B,06658,Quilmes,873,Quilmes,06658_quilmes,valid_same_party_spatial,exact_same_party,06658010,Quilmes,06658,Quilmes,8.2782,06658010,Quilmes,8.2782,True,True,
786,06658,Quilmes,874,Avellaneda,06658_avellaneda,label_matches_other_party,exact_other_or_multiple_party,06035010,Avellaneda,06035,Avellaneda,,06658010,Quilmes,6.4399,True,True,
786A,06658,Quilmes,875,Avellaneda,06658_avellaneda,label_matches_other_party,exact_other_or_multiple_party,06035010,Avellaneda,06035,Avellaneda,,06658010,Quilmes,2.6951,True,True,
787A,06658,Quilmes,876,Quilmes,06658_quilmes,valid_same_party_spatial,exact_same_party,06658010,Quilmes,06658,Quilmes,4.6418,06658010,Quilmes,4.6418,True,True,
791B,06658,Quilmes,877,Berazategui,06658_berazategui,label_matches_other_party,exact_other_or_multiple_party,06091010,Berazategui,06091,Berazategui,,06658010,Quilmes,4.7673,True,True,
788,06658,Quilmes,878,Avellaneda,06658_avellaneda,label_matches_other_party,exact_other_or_multiple_party,06035010,Avellaneda,06035,Avellaneda,,06658010,Quilmes,7.0587,True,True,
788A,06658,Quilmes,879,Almirante Brown,06658_almirante_brown,label_matches_other_party,exact_other_or_multiple_party,06028010,Almirante Brown,06028,Almirante Brown,,06658010,Quilmes,6.7147,True,True,
788B,06658,Quilmes,880,Florencio Varela,06658_florencio_varela,label_matches_other_party,exact_other_or_multiple_party,06274010,Florencio Varela,06274,Florencio Varela,,06658010,Quilmes,4.8145,True,True,
788C,06658,Quilmes,881,Almirante Brown,06658_almirante_brown,label_matches_other_party,exact_other_or_multiple_party,06028010,Almirante Brown,06028,Almirante Brown,,06658010,Quilmes,5.5194,True,True,
787,06658,Quilmes,882,Quilmes,06658_quilmes,valid_same_party_spatial,exact_same_party,06658010,Quilmes,06658,Quilmes,6.7749,06658010,Quilmes,6.7749,True,True,
791,06658,Quilmes,883,Berazategui,06658_berazategui,label_matches_other_party,exact_other_or_multiple_party,06091010,Berazategui,06091,Berazategui,,06658010,Quilmes,7.734,True,True,
783A,06658,Quilmes,884,Quilmes,06658_quilmes,valid_same_party_spatial,exact_same_party,06658010,Quilmes,06658,Quilmes,9.9373,06658010,Quilmes,9.9373,True,True,
765,06630,Pila,885,Pila,06630_pila,valid_same_party_spatial,exact_same_party,06630010,Pila,06630,Pila,100.0,06630010,Pila,100.0,True,True,
131A,06105,Bolívar,886,,,blank_without_official_overlap,blank,,,,,,,,,True,True,
839,06700,Saavedra,887,Saavedra,06700_saavedra,valid_same_party_spatial,exact_same_party,06700070,Saavedra,06700,Saavedra,100.0,06700070,Saavedra,100.0,True,True,
840,06700,Saavedra,888,Pigüé,06700_pigue,valid_same_party_spatial,exact_same_party,06700060,Pigüé,06700,Saavedra,100.0,06700060,Pigüé,100.0,True,True,
841,06700,Saavedra,889,,,blank_without_official_overlap,blank,,,,,,,,,True,True,
842,06700,Saavedra,890,,,blank_without_official_overlap,blank,,,,,,,,,True,True,
843,06700,Saavedra,891,,,blank_without_official_overlap,blank,,,,,,,,,True,True,
844,06700,Saavedra,892,,,blank_without_official_overlap,blank,,,,,,,,,True,True,
239,06553,Monte Hermoso,893,Monte Hermoso,06553_monte_hermoso,valid_same_party_spatial,exact_same_party,06553020,Monte Hermoso,06553,Monte Hermoso,91.996,06553020,Monte Hermoso,91.996,True,True,
511,06098,Berisso,894,Berisso,06098_berisso,valid_same_party_spatial,exact_same_party,06098010,Berisso,06098,Berisso,67.4974,06098010,Berisso,67.4974,True,True,
512,06098,Berisso,895,Berisso,06098_berisso,valid_same_party_spatial,exact_same_party,06098010,Berisso,06098,Berisso,5.1507,06098010,Berisso,5.1507,True,True,
513A,06098,Berisso,896,Berisso,06098_berisso,valid_same_party_spatial,exact_same_party,06098010,Berisso,06098,Berisso,5.9475,06098010,Berisso,5.9475,True,True,
513,06098,Berisso,897,Berisso,06098_berisso,valid_same_party_spatial,exact_same_party,06098010,Berisso,06098,Berisso,21.2978,06098010,Berisso,21.2978,True,True,
951,06812,Tordillo,898,General Conesa,06812_general_conesa,valid_same_party_spatial,exact_same_party,06812010,General Conesa,06812,Tordillo,100.0,06812010,General Conesa,100.0,True,True,
1013,06882,Zárate,899,Zárate,06882_zarate,valid_same_party_spatial,exact_same_party,06882050,Zárate,06882,Zárate,8.2221,06882050,Zárate,8.2221,True,True,
1014,06882,Zárate,900,Zárate,06882_zarate,valid_same_party_spatial,exact_same_party,06882050,Zárate,06882,Zárate,45.1505,06882050,Zárate,45.1505,True,True,
1016,06882,Zárate,901,Zárate,06882_zarate,valid_same_party_spatial,exact_same_party,06882050,Zárate,06882,Zárate,4.0531,06882050,Zárate,4.0531,True,True,
1017,06882,Zárate,902,Zárate,06882_zarate,valid_same_party_spatial,exact_same_party,06882050,Zárate,06882,Zárate,23.9685,06882050,Zárate,23.9685,True,True,
1018,06882,Zárate,903,Zárate,06882_zarate,valid_same_party_spatial,exact_same_party,06882050,Zárate,06882,Zárate,6.411,06882050,Zárate,6.411,True,True,
1019,06882,Zárate,904,Zárate,06882_zarate,valid_same_party_spatial,exact_same_party,06882050,Zárate,06882,Zárate,10.0224,06882050,Zárate,10.0224,True,True,
1020,06882,Zárate,905,,,blank_without_official_overlap,blank,,,,,,,,,True,True,
901,06763,San Nicolás,906,San Nicolás,06763_san_nicolas,valid_same_party_spatial,exact_same_party,06763050,San Nicolás de los Arroyos,06763,San Nicolás,11.5576,06763050,San Nicolás de los Arroyos,11.5576,True,True,
901A,06763,San Nicolás,907,San Nicolás,06763_san_nicolas,valid_same_party_spatial,exact_same_party,06763050,San Nicolás de los Arroyos,06763,San Nicolás,9.4134,06763050,San Nicolás de los Arroyos,9.4134,True,True,
901B,06763,San Nicolás,908,San Nicolás,06763_san_nicolas,valid_same_party_spatial,exact_same_party,06763050,San Nicolás de los Arroyos,06763,San Nicolás,7.6304,06763050,San Nicolás de los Arroyos,7.6304,True,True,
902,06763,San Nicolás,909,San Nicolás,06763_san_nicolas,valid_same_party_spatial,exact_same_party,06763050,San Nicolás de los Arroyos,06763,San Nicolás,20.9597,06763050,San Nicolás de los Arroyos,20.9597,True,True,
903,06763,San Nicolás,910,San Nicolás,06763_san_nicolas,valid_same_party_spatial,exact_same_party,06763050,San Nicolás de los Arroyos,06763,San Nicolás,14.4389,06763050,San Nicolás de los Arroyos,14.4389,True,True,
907,06763,San Nicolás,911,San Nicolás,06763_san_nicolas,valid_same_party_spatial,exact_same_party,06763050,San Nicolás de los Arroyos,06763,San Nicolás,2.9363,06763050,San Nicolás de los Arroyos,2.9363,True,True,
908,06763,San Nicolás,912,,,blank_without_official_overlap,blank,,,,,,,,,True,True,
904,06763,San Nicolás,913,San Nicolás,06763_san_nicolas,valid_same_party_spatial,exact_same_party,06763050,San Nicolás de los Arroyos,06763,San Nicolás,15.6538,06763050,San Nicolás de los Arroyos,15.6538,True,True,
907A,06763,San Nicolás,914,San Nicolás,06763_san_nicolas,valid_same_party_spatial,exact_same_party,06763050,San Nicolás de los Arroyos,06763,San Nicolás,5.4628,06763050,San Nicolás de los Arroyos,5.4628,True,True,
911,06763,San Nicolás,915,San Nicolás,06763_san_nicolas,valid_same_party_spatial,exact_same_party,06763050,San Nicolás de los Arroyos,06763,San Nicolás,2.2041,06763050,San Nicolás de los Arroyos,2.2041,True,True,
906,06763,San Nicolás,916,General Rojo,06763_general_rojo,valid_same_party_spatial,exact_same_party,06763030,General Rojo,06763,San Nicolás,94.9612,06763030 | 06763050,General Rojo | San Nicolás de los Arroyos,94.9612 | 2.5298,True,True,
909,06763,San Nicolás,917,General Rojo,06763_general_rojo,valid_same_party_spatial,exact_same_party,06763030,General Rojo,06763,San Nicolás,5.0388,06763030,General Rojo,5.0388,True,True,
910,06763,San Nicolás,918,Conesa,06763_conesa,valid_same_party_spatial,exact_same_party,06763010,Conesa,06763,San Nicolás,100.0,06763010,Conesa,100.0,True,True,
905,06763,San Nicolás,919,San Nicolás,06763_san_nicolas,valid_same_party_spatial,exact_same_party,06763050,San Nicolás de los Arroyos,06763,San Nicolás,7.0932,06763050,San Nicolás de los Arroyos,7.0932,True,True,
550,06462,Leandro N. Alem,920,,,blank_without_official_overlap,blank,,,,,,,,,True,True,
552,06462,Leandro N. Alem,921,Juan Bautista Alberdi,06462_juan_bautista_alberdi,valid_same_party_spatial,exact_same_party,06462040,Juan Bautista Alberdi,06462,Leandro N. Alem,100.0,06462040 | 06462060,Juan Bautista Alberdi | Vedia,100.0 | 12.9572,True,True,
315,06294,General Arenales,922,General Arenales,06294_general_arenales,valid_same_party_spatial,exact_same_party,06294050,General Arenales,06294,General Arenales,1.7348,06294050,General Arenales,1.7348,True,True,
316,06294,General Arenales,923,Ascensión,06294_ascension,valid_same_party_spatial,exact_same_party,06294020,Ascensión,06294,General Arenales,100.0,06294020,Ascensión,100.0,True,True,
316A,06294,General Arenales,924,,,blank_without_official_overlap,blank,,,,,,,,,True,True,
317,06294,General Arenales,925,Ferré - La Trinidad,06294_ferre_la_trinidad,valid_same_party_spatial,exact_same_party,06294040,Ferré - La Trinidad,06294,General Arenales,100.0,06294040,Ferré - La Trinidad,100.0,True,True,
318,06294,General Arenales,926,Arribeños,06294_arribenos,valid_same_party_spatial,exact_same_party,06294010,Arribeños,06294,General Arenales,100.0,06294010,Arribeños,100.0,True,True,
314A,06294,General Arenales,927,,,blank_without_official_overlap,blank,,,,,,,,,True,True,
314,06294,General Arenales,928,General Arenales,06294_general_arenales,valid_same_party_spatial,exact_same_party,06294050,General Arenales,06294,General Arenales,98.2652,06294050,General Arenales,98.2652,True,True,
314_2,06294,General Arenales,,,,blank_without_official_overlap,blank,,,,,,,,,True,True,
913,06770,San Pedro,930,Baradero,06770_baradero,label_matches_other_party,exact_other_or_multiple_party,06070010,Baradero,06070,Baradero,0.1968,06770050,San Pedro,70.7423,True,True,
914,06770,San Pedro,931,Río Tala,06770_rio_tala,valid_same_party_spatial,exact_same_party,06770040,Río Tala,06770,San Pedro,100.0,06770040,Río Tala,100.0,True,True,
915,06770,San Pedro,932,San Pedro,06770_san_pedro,valid_same_party_spatial,exact_same_party,06770050,San Pedro,06770,San Pedro,21.7451,06770050,San Pedro,21.7451,True,True,
916,06770,San Pedro,933,San Pedro,06770_san_pedro,valid_same_party_spatial,exact_same_party,06770050,San Pedro,06770,San Pedro,7.5125,06770050,San Pedro,7.5125,True,True,
918,06770,San Pedro,934,,,blank_without_official_overlap,blank,,,,,,,,,True,True,
919,06770,San Pedro,935,,,blank_without_official_overlap,blank,,,,,,,,,True,True,
920,06770,San Pedro,936,,,blank_without_official_overlap,blank,,,,,,,,,True,True,
921,06770,San Pedro,937,,,blank_without_official_overlap,blank,,,,,,,,,True,True,
922,06770,San Pedro,938,Santa Lucía,06770_santa_lucia,valid_same_party_spatial,exact_same_party,06770060,Santa Lucía,06770,San Pedro,100.0,06770060,Santa Lucía,100.0,True,True,
922A,06770,San Pedro,939,,,blank_without_official_overlap,blank,,,,,,,,,True,True,
917,06770,San Pedro,940,Gobernador Castro,06770_gobernador_castro,valid_same_party_spatial,exact_same_party,06770010,Gobernador Castro,06770,San Pedro,100.0,06770010,Gobernador Castro,100.0,True,True,
361,06277,Florentino Ameghino,941,Florentino Ameghino,06277_florentino_ameghino,valid_same_party_spatial,exact_same_party,06277020,Florentino Ameghino,06277,Florentino Ameghino,100.0,06277020,Florentino Ameghino,100.0,True,True,
361A,06277,Florentino Ameghino,942,,,blank_without_official_overlap,blank,,,,,,,,,True,True,
362,06277,Florentino Ameghino,943,,,blank_without_official_overlap,blank,,,,,,,,,True,True,
271,06434,Lanús,944,Avellaneda,06434_avellaneda,label_matches_other_party,exact_other_or_multiple_party,06035010,Avellaneda,06035,Avellaneda,,06434010,Lanús,3.6181,True,True,
259,06434,Lanús,945,Avellaneda,06434_avellaneda,label_matches_other_party,exact_other_or_multiple_party,06035010,Avellaneda,06035,Avellaneda,,06434010,Lanús,2.7691,True,True,
260,06434,Lanús,946,Avellaneda,06434_avellaneda,label_matches_other_party,exact_other_or_multiple_party,06035010,Avellaneda,06035,Avellaneda,,06434010,Lanús,8.316,True,True,
261,06434,Lanús,947,Avellaneda,06434_avellaneda,label_matches_other_party,exact_other_or_multiple_party,06035010,Avellaneda,06035,Avellaneda,,06434010,Lanús,9.6291,True,True,
265,06434,Lanús,948,Lanús,06434_lanus,valid_same_party_spatial,exact_same_party,06434010,Lanús,06434,Lanús,6.4951,06434010,Lanús,6.4951,True,True,
262,06434,Lanús,949,Avellaneda,06434_avellaneda,label_matches_other_party,exact_other_or_multiple_party,06035010,Avellaneda,06035,Avellaneda,,06434010,Lanús,12.266,True,True,
263,06434,Lanús,950,Lanús,06434_lanus,valid_same_party_spatial,exact_same_party,06434010,Lanús,06434,Lanús,8.7281,06434010,Lanús,8.7281,True,True,
264,06434,Lanús,951,Lanús,06434_lanus,valid_same_party_spatial,exact_same_party,06434010,Lanús,06434,Lanús,2.3893,06434010,Lanús,2.3893,True,True,
274,06434,Lanús,952,Lanús,06434_lanus,valid_same_party_spatial,exact_same_party,06434010,Lanús,06434,Lanús,10.7789,06434010,Lanús,10.7789,True,True,
275,06434,Lanús,953,Lanús,06434_lanus,valid_same_party_spatial,exact_same_party,06434010,Lanús,06434,Lanús,6.153,06434010,Lanús,6.153,True,True,
276,06434,Lanús,954,Lanús,06434_lanus,valid_same_party_spatial,exact_same_party,06434010,Lanús,06434,Lanús,7.5191,06434010,Lanús,7.5191,True,True,
273,06434,Lanús,955,Lanús,06434_lanus,valid_same_party_spatial,exact_same_party,06434010,Lanús,06434,Lanús,16.0235,06434010,Lanús,16.0235,True,True,
272,06434,Lanús,956,Avellaneda,06434_avellaneda,label_matches_other_party,exact_other_or_multiple_party,06035010,Avellaneda,06035,Avellaneda,,06434010,Lanús,5.1785,True,True,
591,06490,Lomas De Zamora,957,Lomas de Zamora,06490_lomas_de_zamora,valid_same_party_spatial,exact_same_party,06490010,Lomas de Zamora,06490,Lomas de Zamora,3.7989,06490010,Lomas de Zamora,3.7989,True,True,
583,06490,Lomas De Zamora,958,Lanús,06490_lanus,label_matches_other_party,exact_other_or_multiple_party,06434010,Lanús,06434,Lanús,,06490010,Lomas de Zamora,7.382,True,True,
583A,06490,Lomas De Zamora,959,Lanús,06490_lanus,label_matches_other_party,exact_other_or_multiple_party,06434010,Lanús,06434,Lanús,,06490010,Lomas de Zamora,6.116,True,True,
583E,06490,Lomas De Zamora,960,Esteban Echeverría,06490_esteban_echeverria,label_matches_other_party,exact_other_or_multiple_party,06260010,Esteban Echeverría,06260,Esteban Echeverría,,06490010,Lomas de Zamora,6.6351,True,True,
583C,06490,Lomas De Zamora,961,Lomas de Zamora,06490_lomas_de_zamora,valid_same_party_spatial,exact_same_party,06490010,Lomas de Zamora,06490,Lomas de Zamora,2.9335,06490010,Lomas de Zamora,2.9335,True,True,
583B,06490,Lomas De Zamora,962,La Matanza,06490_la_matanza,label_matches_other_party,exact_other_or_multiple_party,06427010,La Matanza,06427,La Matanza,,06490010,Lomas de Zamora,4.3211,True,True,
583D,06490,Lomas De Zamora,963,La Matanza,06490_la_matanza,label_matches_other_party,exact_other_or_multiple_party,06427010,La Matanza,06427,La Matanza,,06490010,Lomas de Zamora,4.5272,True,True,
584,06490,Lomas De Zamora,964,Lanús,06490_lanus,label_matches_other_party,exact_other_or_multiple_party,06434010,Lanús,06434,Lanús,,06490010,Lomas de Zamora,3.8666,True,True,
587,06490,Lomas De Zamora,965,Lomas de Zamora,06490_lomas_de_zamora,valid_same_party_spatial,exact_same_party,06490010,Lomas de Zamora,06490,Lomas de Zamora,16.4682,06490010,Lomas de Zamora,16.4682,True,True,
586,06490,Lomas De Zamora,966,Lomas de Zamora,06490_lomas_de_zamora,valid_same_party_spatial,exact_same_party,06490010,Lomas de Zamora,06490,Lomas de Zamora,2.9901,06490010,Lomas de Zamora,2.9901,True,True,
585,06490,Lomas De Zamora,967,Lanús,06490_lanus,label_matches_other_party,exact_other_or_multiple_party,06434010,Lanús,06434,Lanús,,06490010,Lomas de Zamora,1.8572,True,True,
588,06490,Lomas De Zamora,968,Lomas de Zamora,06490_lomas_de_zamora,valid_same_party_spatial,exact_same_party,06490010,Lomas de Zamora,06490,Lomas de Zamora,2.1419,06490010,Lomas de Zamora,2.1419,True,True,
593A,06490,Lomas De Zamora,969,Esteban Echeverría,06490_esteban_echeverria,label_matches_other_party,exact_other_or_multiple_party,06260010,Esteban Echeverría,06260,Esteban Echeverría,,06490010,Lomas de Zamora,12.3102,True,True,
589,06490,Lomas De Zamora,970,Lanús,06490_lanus,label_matches_other_party,exact_other_or_multiple_party,06434010,Lanús,06434,Lanús,,06490010,Lomas de Zamora,3.5227,True,True,
593,06490,Lomas De Zamora,971,Almirante Brown,06490_almirante_brown,label_matches_other_party,exact_other_or_multiple_party,06028010,Almirante Brown,06028,Almirante Brown,,06490010,Lomas de Zamora,4.7027,True,True,
592,06490,Lomas De Zamora,972,Lomas de Zamora,06490_lomas_de_zamora,valid_same_party_spatial,exact_same_party,06490010,Lomas de Zamora,06490,Lomas de Zamora,2.0311,06490010,Lomas de Zamora,2.0311,True,True,
590A,06490,Lomas De Zamora,973,Almirante Brown,06490_almirante_brown,label_matches_other_party,exact_other_or_multiple_party,06028010,Almirante Brown,06028,Almirante Brown,,06490010,Lomas de Zamora,7.1598,True,True,
590,06490,Lomas De Zamora,974,Almirante Brown,06490_almirante_brown,label_matches_other_party,exact_other_or_multiple_party,06028010,Almirante Brown,06028,Almirante Brown,,06490010,Lomas de Zamora,7.1052,True,True,
33,06035,Avellaneda,975,Avellaneda,06035_avellaneda,valid_same_party_spatial,exact_same_party,06035010,Avellaneda,06035,Avellaneda,3.6742,06035010,Avellaneda,3.6742,True,True,
34,06035,Avellaneda,976,Avellaneda,06035_avellaneda,valid_same_party_spatial,exact_same_party,06035010,Avellaneda,06035,Avellaneda,5.1473,06035010,Avellaneda,5.1473,True,True,
37,06035,Avellaneda,977,Avellaneda,06035_avellaneda,valid_same_party_spatial,exact_same_party,06035010,Avellaneda,06035,Avellaneda,10.8874,06035010,Avellaneda,10.8874,True,True,
38,06035,Avellaneda,978,Avellaneda,06035_avellaneda,valid_same_party_spatial,exact_same_party,06035010,Avellaneda,06035,Avellaneda,10.9893,06035010,Avellaneda,10.9893,True,True,
39,06035,Avellaneda,979,Avellaneda,06035_avellaneda,valid_same_party_spatial,exact_same_party,06035010,Avellaneda,06035,Avellaneda,16.9958,06035010,Avellaneda,16.9958,True,True,
40,06035,Avellaneda,980,Avellaneda,06035_avellaneda,valid_same_party_spatial,exact_same_party,06035010,Avellaneda,06035,Avellaneda,21.3865,06035010,Avellaneda,21.3865,True,True,
27,06035,Avellaneda,981,Avellaneda,06035_avellaneda,valid_same_party_spatial,exact_same_party,06035010,Avellaneda,06035,Avellaneda,12.271,06035010,Avellaneda,12.271,True,True,
26,06035,Avellaneda,982,Avellaneda,06035_avellaneda,valid_same_party_spatial,exact_same_party,06035010,Avellaneda,06035,Avellaneda,2.8072,06035010,Avellaneda,2.8072,True,True,
25,06035,Avellaneda,983,Avellaneda,06035_avellaneda,valid_same_party_spatial,exact_same_party,06035010,Avellaneda,06035,Avellaneda,2.6818,06035010,Avellaneda,2.6818,True,True,
24,06035,Avellaneda,984,Avellaneda,06035_avellaneda,valid_same_party_spatial,exact_same_party,06035010,Avellaneda,06035,Avellaneda,2.2882,06035010,Avellaneda,2.2882,True,True,
23,06035,Avellaneda,985,Avellaneda,06035_avellaneda,valid_same_party_spatial,exact_same_party,06035010,Avellaneda,06035,Avellaneda,3.4295,06035010,Avellaneda,3.4295,True,True,
32,06035,Avellaneda,986,Avellaneda,06035_avellaneda,valid_same_party_spatial,exact_same_party,06035010,Avellaneda,06035,Avellaneda,1.3334,06035010,Avellaneda,1.3334,True,True,
31,06035,Avellaneda,987,Avellaneda,06035_avellaneda,valid_same_party_spatial,exact_same_party,06035010,Avellaneda,06035,Avellaneda,0.9362,06035010,Avellaneda,0.9362,True,True,
872,06749,San Fernando,988,San Fernando,06749_san_fernando,valid_same_party_spatial,exact_same_party,06749010,San Fernando,06749,San Fernando,2.7722,06749010,San Fernando,2.7722,True,True,
873,06749,San Fernando,989,San Fernando,06749_san_fernando,valid_same_party_spatial,exact_same_party,06749010,San Fernando,06749,San Fernando,1.8038,06749010,San Fernando,1.8038,True,True,
874,06749,San Fernando,990,San Fernando,06749_san_fernando,valid_same_party_spatial,exact_same_party,06749010,San Fernando,06749,San Fernando,3.1856,06749010,San Fernando,3.1856,True,True,
876,06749,San Fernando,991,San Fernando,06749_san_fernando,valid_same_party_spatial,exact_same_party,06749010,San Fernando,06749,San Fernando,5.9308,06749010,San Fernando,5.9308,True,True,
877,06749,San Fernando,992,San Fernando,06749_san_fernando,valid_same_party_spatial,exact_same_party,06749010,San Fernando,06749,San Fernando,15.4364,06749010,San Fernando,15.4364,True,True,
878,06749,San Fernando,993,San Fernando,06749_san_fernando,valid_same_party_spatial,exact_same_party,06749010,San Fernando,06749,San Fernando,6.9163,06749010,San Fernando,6.9163,True,True,
878A,06749,San Fernando,994,San Fernando,06749_san_fernando,valid_same_party_spatial,exact_same_party,06749010,San Fernando,06749,San Fernando,10.2273,06749010,San Fernando,10.2273,True,True,
879,06749,San Fernando,995,San Fernando,06749_san_fernando,valid_same_party_spatial,exact_same_party,06749010,San Fernando,06749,San Fernando,7.8637,06749010,San Fernando,7.8637,True,True,
879A,06749,San Fernando,996,San Fernando,06749_san_fernando,valid_same_party_spatial,exact_same_party,06749010,San Fernando,06749,San Fernando,16.7907,06749010,San Fernando,16.7907,True,True,
882,06749,San Fernando,997,,,blank_without_official_overlap,blank,,,,,,,,,True,True,
880B,06749,San Fernando,998,San Fernando,06749_san_fernando,valid_same_party_spatial,exact_same_party,06749010,San Fernando,06749,San Fernando,3.7583,06749010,San Fernando,3.7583,True,True,
880,06749,San Fernando,999,San Fernando,06749_san_fernando,valid_same_party_spatial,exact_same_party,06749010,San Fernando,06749,San Fernando,16.8585,06749010,San Fernando,16.8585,True,True,
880A,06749,San Fernando,1000,San Fernando,06749_san_fernando,valid_same_party_spatial,exact_same_party,06749010,San Fernando,06749,San Fernando,5.3405,06749010,San Fernando,5.3405,True,True,
493,06441,La Plata,1001,,,blank_without_official_overlap,blank,,,,,,,,,True,True,
338B,06336,General Lavalle,1002,Mar del Tuyú - Mar de Ajó - San Bernardo,06336_mar_del_tuyu_mar_de_ajo_san_bernardo,label_matches_other_party,exact_other_or_multiple_party,06420040,Mar del Tuyú - Mar de Ajó - San Bernardo,06420,La Costa,,,,,True,True,
338,06336,General Lavalle,1003,General Lavalle,06336_general_lavalle,valid_same_party_spatial,exact_same_party,06336020,General Lavalle,06336,General Lavalle,100.0,06336020,General Lavalle,100.0,True,True,
338A,06336,General Lavalle,1004,Mar del Tuyú - Mar de Ajó - San Bernardo,06336_mar_del_tuyu_mar_de_ajo_san_bernardo,label_matches_other_party,exact_other_or_multiple_party,06420040,Mar del Tuyú - Mar de Ajó - San Bernardo,06420,La Costa,0.4307,,,,True,True,
955,06819,Tornquist,1005,Sierra de la Ventana,06819_sierra_de_la_ventana,valid_same_party_spatial,exact_same_party,06819030,Sierra de la Ventana,06819,Tornquist,2.6713,06819030,Sierra de la Ventana,2.6713,True,True,
955A,06819,Tornquist,1006,Sierra de la Ventana,06819_sierra_de_la_ventana,valid_same_party_spatial,exact_same_party,06819030,Sierra de la Ventana,06819,Tornquist,96.1963,06819030,Sierra de la Ventana,96.1963,True,True,
956,06819,Tornquist,1007,,,blank_without_official_overlap,blank,,,,,,,,,True,True,
954,06819,Tornquist,1008,,,blank_without_official_overlap,blank,,,,,,,,,True,True,
955B,06819,Tornquist,1009,,,blank_without_official_overlap,blank,,,,,,,,,True,True,
953,06819,Tornquist,1010,Tornquist,06819_tornquist,valid_same_party_spatial,exact_same_party,06819040,Tornquist,06819,Tornquist,100.0,06819040,Tornquist,100.0,True,True,
748A,06623,Pergamino,1011,Pergamino,06623_pergamino,valid_same_party_spatial,exact_same_party,06623100,Pergamino,06623,Pergamino,12.7558,06623100,Pergamino,12.7558,True,True,
754,06623,Pergamino,1012,,,blank_without_official_overlap,blank,,,,,,,,,True,True,
747A,06623,Pergamino,1013,Pergamino,06623_pergamino,valid_same_party_spatial,exact_same_party,06623100,Pergamino,06623,Pergamino,1.4992,06623100,Pergamino,1.4992,True,True,
749,06623,Pergamino,1014,,,blank_without_official_overlap,blank,,,,,,,,,True,True,
751,06623,Pergamino,1015,,,blank_without_official_overlap,blank,,,,,,,,,True,True,
753A,06623,Pergamino,1016,,,blank_without_official_overlap,blank,,,,,,,,,True,True,
748C,06623,Pergamino,1017,Pergamino,06623_pergamino,valid_same_party_spatial,exact_same_party,06623100,Pergamino,06623,Pergamino,18.733,06623100,Pergamino,18.733,True,True,
748E,06623,Pergamino,1018,,,blank_without_official_overlap,blank,,,,,,,,,True,True,
747,06623,Pergamino,1019,,,blank_without_official_overlap,blank,,,,,,,,,True,True,
748,06623,Pergamino,1020,Pergamino,06623_pergamino,valid_same_party_spatial,exact_same_party,06623100,Pergamino,06623,Pergamino,8.9791,06623100,Pergamino,8.9791,True,True,
755,06623,Pergamino,1021,Arroyo Dulce,06623_arroyo_dulce,label_matches_other_party,exact_other_or_multiple_party,06714010,Arroyo Dulce,06714,Salto,0.2292,06623140,Villa San José,94.8379,True,True,
748D,06623,Pergamino,1022,Pergamino,06623_pergamino,valid_same_party_spatial,exact_same_party,06623100,Pergamino,06623,Pergamino,29.5578,06623100,Pergamino,29.5578,True,True,
752,06623,Pergamino,1023,,,blank_without_official_overlap,blank,,,,,,,,,True,True,
753,06623,Pergamino,1024,,,blank_without_official_overlap,blank,,,,,,,,,True,True,
748B,06623,Pergamino,1025,Pergamino,06623_pergamino,valid_same_party_spatial,exact_same_party,06623100,Pergamino,06623,Pergamino,28.4751,06623100,Pergamino,28.4751,True,True,
756,06623,Pergamino,1026,,,blank_without_official_overlap,blank,,,,,,,,,True,True,
758,06623,Pergamino,1027,,,blank_without_official_overlap,blank,,,,,,,,,True,True,
757,06623,Pergamino,1028,,,blank_without_official_overlap,blank,,,,,,,,,True,True,
750,06623,Pergamino,1029,,,blank_without_official_overlap,blank,,,,,,,,,True,True,
759,06623,Pergamino,1030,,,blank_without_official_overlap,blank,,,,,,,,,True,True,
754A,06623,Pergamino,1031,,,blank_without_official_overlap,blank,,,,,,,,,True,True,
18,06028,Almirante Brown,1032,Almirante Brown,06028_almirante_brown,valid_same_party_spatial,exact_same_party,06028010,Almirante Brown,06028,Almirante Brown,4.0723,06028010,Almirante Brown,4.0723,True,True,
22C,06028,Almirante Brown,1033,Almirante Brown,06028_almirante_brown,valid_same_party_spatial,exact_same_party,06028010,Almirante Brown,06028,Almirante Brown,4.2164,06028010,Almirante Brown,4.2164,True,True,
20A,06028,Almirante Brown,1034,Almirante Brown,06028_almirante_brown,valid_same_party_spatial,exact_same_party,06028010,Almirante Brown,06028,Almirante Brown,4.5593,06028010,Almirante Brown,4.5593,True,True,
20,06028,Almirante Brown,1035,Almirante Brown,06028_almirante_brown,valid_same_party_spatial,exact_same_party,06028010,Almirante Brown,06028,Almirante Brown,15.5122,06028010,Almirante Brown,15.5122,True,True,
21A,06028,Almirante Brown,1036,Almirante Brown,06028_almirante_brown,valid_same_party_spatial,exact_same_party,06028010,Almirante Brown,06028,Almirante Brown,25.26,06028010,Almirante Brown,25.26,True,True,
21,06028,Almirante Brown,1037,Almirante Brown,06028_almirante_brown,valid_same_party_spatial,exact_same_party,06028010,Almirante Brown,06028,Almirante Brown,12.0201,06028010,Almirante Brown,12.0201,True,True,
22,06028,Almirante Brown,1038,Almirante Brown,06028_almirante_brown,valid_same_party_spatial,exact_same_party,06028010,Almirante Brown,06028,Almirante Brown,12.6417,06028010,Almirante Brown,12.6417,True,True,
17,06028,Almirante Brown,1039,Almirante Brown,06028_almirante_brown,valid_same_party_spatial,exact_same_party,06028010,Almirante Brown,06028,Almirante Brown,4.6437,06028010,Almirante Brown,4.6437,True,True,
19,06028,Almirante Brown,1154,Almirante Brown,06028_almirante_brown,valid_same_party_spatial,exact_same_party,06028010,Almirante Brown,06028,Almirante Brown,6.141,06028010,Almirante Brown,6.141,True,False,Ring Self-intersection[-58.3682399139951 -34.7979233566068]
18A,06028,Almirante Brown,1040,Almirante Brown,06028_almirante_brown,valid_same_party_spatial,exact_same_party,06028010,Almirante Brown,06028,Almirante Brown,3.794,06028010,Almirante Brown,3.794,True,True,
22B,06028,Almirante Brown,1041,Almirante Brown,06028_almirante_brown,valid_same_party_spatial,exact_same_party,06028010,Almirante Brown,06028,Almirante Brown,2.2166,06028010,Almirante Brown,2.2166,True,True,
22A,06028,Almirante Brown,1042,Almirante Brown,06028_almirante_brown,valid_same_party_spatial,exact_same_party,06028010,Almirante Brown,06028,Almirante Brown,4.7854,06028010,Almirante Brown,4.7854,True,True,
864A,06728,San Andrés De Giles,1043,,,blank_without_official_overlap,blank,,,,,,,,,True,True,
860,06728,San Andrés De Giles,1044,San Andrés de Giles,06728_san_andres_de_giles,valid_same_party_spatial,exact_same_party,06728040,San Andrés de Giles,06728,San Andrés de Giles,100.0,06728040,San Andrés de Giles,100.0,True,True,
862A,06728,San Andrés De Giles,1045,,,blank_without_official_overlap,blank,,,,,,,,,True,True,
864,06728,San Andrés De Giles,1046,,,blank_without_official_overlap,blank,,,,,,,,,True,True,
863A,06728,San Andrés De Giles,1047,,,blank_without_official_overlap,blank,,,,,,,,,True,True,
863,06728,San Andrés De Giles,1048,,,blank_without_official_overlap,blank,,,,,,,,,True,True,
861,06728,San Andrés De Giles,1049,,,blank_without_official_overlap,blank,,,,,,,,,True,True,
862,06728,San Andrés De Giles,1050,,,blank_without_official_overlap,blank,,,,,,,,,True,True,
164A,06147,Carlos Casares,1051,,,blank_without_official_overlap,blank,,,,,,,,,True,True,
166,06147,Carlos Casares,1052,,,blank_without_official_overlap,blank,,,,,,,,,True,True,
164,06147,Carlos Casares,1053,Carlos Casares,06147_carlos_casares,valid_same_party_spatial,exact_same_party,06147030,Carlos Casares,06147,Carlos Casares,100.0,06147030,Carlos Casares,100.0,True,True,
165,06147,Carlos Casares,1054,,,blank_without_official_overlap,blank,,,,,,,,,True,True,
165A,06147,Carlos Casares,1055,,,blank_without_official_overlap,blank,,,,,,,,,True,True,
165B,06147,Carlos Casares,1056,,,blank_without_official_overlap,blank,,,,,,,,,True,True,
167,06147,Carlos Casares,1057,,,blank_without_official_overlap,blank,,,,,,,,,True,True,
167A,06147,Carlos Casares,1058,,,blank_without_official_overlap,blank,,,,,,,,,True,True,
166A,06147,Carlos Casares,1059,,,blank_without_official_overlap,blank,,,,,,,,,True,True,
171A,06154,Carlos Tejedor,1060,,,blank_without_official_overlap,blank,,,,,,,,,True,True,
718A,06595,Olavarría,1061,,,blank_without_official_overlap,blank,,,,,,,,,True,True,
725,06595,Olavarría,1062,,,blank_without_official_overlap,blank,,,,,,,,,True,True,
711,06595,Olavarría,1063,Olavarría,06595_olavarria,valid_same_party_spatial,exact_same_party,06595070,Olavarría,06595,Olavarría,6.9616,06595070,Olavarría,6.9616,True,True,
711E,06595,Olavarría,1064,Olavarría,06595_olavarria,valid_same_party_spatial,exact_same_party,06595070,Olavarría,06595,Olavarría,17.7945,06595070,Olavarría,17.7945,True,True,
711D,06595,Olavarría,1065,Olavarría,06595_olavarria,valid_same_party_spatial,exact_same_party,06595070,Olavarría,06595,Olavarría,15.6606,06595070,Olavarría,15.6606,True,True,
719A,06595,Olavarría,1066,Sierras Bayas,06595_sierras_bayas,valid_same_party_spatial,exact_same_party,06595110,Sierras Bayas,06595,Olavarría,29.5725,06595110,Sierras Bayas,29.5725,True,True,
712,06595,Olavarría,1067,Olavarría,06595_olavarria,valid_same_party_spatial,exact_same_party,06595070,Olavarría,06595,Olavarría,4.3473,06595070,Olavarría,4.3473,True,True,
714,06595,Olavarría,1068,Olavarría,06595_olavarria,valid_same_party_spatial,exact_same_party,06595070,Olavarría,06595,Olavarría,21.8084,06595120 | 06595070,Villa Alfredo Fortabat - Villa La Serranía | Olavarría,28.2645 | 21.8084,True,True,
711B,06595,Olavarría,1069,Olavarría,06595_olavarria,valid_same_party_spatial,exact_same_party,06595070,Olavarría,06595,Olavarría,9.3681,06595070,Olavarría,9.3681,True,True,
711C,06595,Olavarría,1070,Olavarría,06595_olavarria,valid_same_party_spatial,exact_same_party,06595070,Olavarría,06595,Olavarría,14.6472,06595070,Olavarría,14.6472,True,True,
713,06595,Olavarría,1071,,,blank_without_official_overlap,blank,,,,,,,,,True,True,
716,06595,Olavarría,1072,Sierra Chica,06595_sierra_chica,valid_same_party_spatial,exact_same_party,06595100,Sierra Chica,06595,Olavarría,100.0,06595100,Sierra Chica,100.0,True,True,
926,06778,San Vicente,1073,Barrio Parque Las Acacias,06778_barrio_parque_las_acacias,label_matches_other_party,exact_other_or_multiple_party,06119040,Barrio Parque Las Acacias,06119,Brandsen,0.2599,06778010 | 06778020,Domselaar | San Vicente,99.8497 | 2.3322,True,True,
927,06778,San Vicente,1074,San Vicente,06778_san_vicente,same_party_label_without_spatial_overlap,exact_same_party,06778020,San Vicente,06778,San Vicente,,,,,True,True,
924,06778,San Vicente,1075,El Lauquen - Principado,06778_el_lauquen_principado,valid_same_party_spatial,exact_same_party,06778015,El Lauquen - Principado,06778,San Vicente,100.0,06778015 | 06778030 | 06778020,El Lauquen - Principado | Santa Rita - San Lucas | San Vicente,100.0 | 99.9521 | 66.8146,True,True,
925,06778,San Vicente,1076,Florencio Varela,06778_florencio_varela,label_matches_other_party,exact_other_or_multiple_party,06274010,Florencio Varela,06274,Florencio Varela,,06778020,San Vicente,30.638,True,True,
248B,06182,Coronel De Marina Leonardo Rosales,1077,Punta Alta,06182_punta_alta,same_party_label_without_spatial_overlap,exact_same_party,06182030,Punta Alta,06182,Coronel de Marina Leonardo Rosales,,,,,True,True,
249A,06182,Coronel De Marina Leonardo Rosales,1078,Punta Alta,06182_punta_alta,valid_same_party_spatial,exact_same_party,06182030,Punta Alta,06182,Coronel de Marina Leonardo Rosales,7.347,06182030,Punta Alta,7.347,True,True,
249B,06182,Coronel De Marina Leonardo Rosales,1079,Punta Alta,06182_punta_alta,valid_same_party_spatial,exact_same_party,06182030,Punta Alta,06182,Coronel de Marina Leonardo Rosales,3.8192,06182030,Punta Alta,3.8192,True,True,
248F,06182,Coronel De Marina Leonardo Rosales,1080,Punta Alta,06182_punta_alta,valid_same_party_spatial,exact_same_party,06182030,Punta Alta,06182,Coronel de Marina Leonardo Rosales,51.396,06182030,Punta Alta,51.396,True,True,
248D,06182,Coronel De Marina Leonardo Rosales,1081,Punta Alta,06182_punta_alta,valid_same_party_spatial,exact_same_party,06182030,Punta Alta,06182,Coronel de Marina Leonardo Rosales,6.8414,06182030,Punta Alta,6.8414,True,True,
248,06182,Coronel De Marina Leonardo Rosales,1082,Punta Alta,06182_punta_alta,valid_same_party_spatial,exact_same_party,06182030,Punta Alta,06182,Coronel de Marina Leonardo Rosales,7.2465,06182030,Punta Alta,7.2465,True,True,
248E,06182,Coronel De Marina Leonardo Rosales,1083,Punta Alta,06182_punta_alta,valid_same_party_spatial,exact_same_party,06182030,Punta Alta,06182,Coronel de Marina Leonardo Rosales,9.6263,06182030,Punta Alta,9.6263,True,True,
248C,06182,Coronel De Marina Leonardo Rosales,1084,Punta Alta,06182_punta_alta,valid_same_party_spatial,exact_same_party,06182030,Punta Alta,06182,Coronel de Marina Leonardo Rosales,13.0402,06182030,Punta Alta,13.0402,True,True,
249,06182,Coronel De Marina Leonardo Rosales,1085,,,blank_without_official_overlap,blank,,,,,,,,,True,True,
248A,06182,Coronel De Marina Leonardo Rosales,1086,,,blank_without_official_overlap,blank,,,,,,,,,True,True,
508E,06441,La Plata,1087,La Plata,06441_la_plata,valid_same_party_spatial,exact_same_party,06441030,La Plata,06441,La Plata,1.4579,06441030,La Plata,1.4579,True,True,
508C,06441,La Plata,1088,La Plata,06441_la_plata,valid_same_party_spatial,exact_same_party,06441030,La Plata,06441,La Plata,0.5804,06441030,La Plata,0.5804,True,True,
471,06441,La Plata,1089,Ensenada,06441_ensenada,label_matches_other_party,exact_other_or_multiple_party,06245010,Ensenada,06245,Ensenada,,,,,True,True,
472,06441,La Plata,1090,La Plata,06441_la_plata,same_party_label_without_spatial_overlap,exact_same_party,06441030,La Plata,06441,La Plata,,,,,True,True,
473,06441,La Plata,1091,La Plata,06441_la_plata,same_party_label_without_spatial_overlap,exact_same_party,06441030,La Plata,06441,La Plata,,,,,True,True,
474,06441,La Plata,1092,La Plata,06441_la_plata,same_party_label_without_spatial_overlap,exact_same_party,06441030,La Plata,06441,La Plata,,,,,True,True,
488,06441,La Plata,1093,La Plata,06441_la_plata,same_party_label_without_spatial_overlap,exact_same_party,06441030,La Plata,06441,La Plata,,,,,True,True,
518,06441,La Plata,1094,La Plata,06441_la_plata,same_party_label_without_spatial_overlap,exact_same_party,06441030,La Plata,06441,La Plata,,,,,True,True,
508A,06441,La Plata,1095,La Plata,06441_la_plata,valid_same_party_spatial,exact_same_party,06441030,La Plata,06441,La Plata,0.5781,06441030,La Plata,0.5781,True,True,
508,06441,La Plata,1096,La Plata,06441_la_plata,valid_same_party_spatial,exact_same_party,06441030,La Plata,06441,La Plata,0.54,06441030,La Plata,0.54,True,True,
504,06441,La Plata,1097,Ensenada,06441_ensenada,label_matches_other_party,exact_other_or_multiple_party,06245010,Ensenada,06245,Ensenada,,06441030,La Plata,3.1348,True,True,
469,06441,La Plata,1098,Ensenada,06441_ensenada,label_matches_other_party,exact_other_or_multiple_party,06245010,Ensenada,06245,Ensenada,,06441030,La Plata,0.1065,True,True,
461,06441,La Plata,1099,La Plata,06441_la_plata,same_party_label_without_spatial_overlap,exact_same_party,06441030,La Plata,06441,La Plata,,,,,True,True,
462,06441,La Plata,1100,La Plata,06441_la_plata,same_party_label_without_spatial_overlap,exact_same_party,06441030,La Plata,06441,La Plata,,,,,True,True,
463,06441,La Plata,1101,La Plata,06441_la_plata,same_party_label_without_spatial_overlap,exact_same_party,06441030,La Plata,06441,La Plata,,,,,True,True,
464,06441,La Plata,1102,La Plata,06441_la_plata,same_party_label_without_spatial_overlap,exact_same_party,06441030,La Plata,06441,La Plata,,,,,True,True,
465,06441,La Plata,1103,La Plata,06441_la_plata,same_party_label_without_spatial_overlap,exact_same_party,06441030,La Plata,06441,La Plata,,,,,True,True,
466,06441,La Plata,1104,La Plata,06441_la_plata,same_party_label_without_spatial_overlap,exact_same_party,06441030,La Plata,06441,La Plata,,,,,True,True,
467,06441,La Plata,1105,La Plata,06441_la_plata,same_party_label_without_spatial_overlap,exact_same_party,06441030,La Plata,06441,La Plata,,,,,True,True,
468,06441,La Plata,1106,La Plata,06441_la_plata,same_party_label_without_spatial_overlap,exact_same_party,06441030,La Plata,06441,La Plata,,,,,True,True,
460,06441,La Plata,1107,Ensenada,06441_ensenada,label_matches_other_party,exact_other_or_multiple_party,06245010,Ensenada,06245,Ensenada,,06441030,La Plata,0.1098,True,True,
475,06441,La Plata,1108,La Plata,06441_la_plata,valid_same_party_spatial,exact_same_party,06441030,La Plata,06441,La Plata,0.3426,06441030,La Plata,0.3426,True,True,
476,06441,La Plata,1109,La Plata,06441_la_plata,same_party_label_without_spatial_overlap,exact_same_party,06441030,La Plata,06441,La Plata,,,,,True,True,
477,06441,La Plata,1110,Ensenada,06441_ensenada,label_matches_other_party,exact_other_or_multiple_party,06245010,Ensenada,06245,Ensenada,,06441030,La Plata,0.1885,True,True,
480,06441,La Plata,1111,La Plata,06441_la_plata,same_party_label_without_spatial_overlap,exact_same_party,06441030,La Plata,06441,La Plata,,,,,True,True,
481,06441,La Plata,1112,La Plata,06441_la_plata,same_party_label_without_spatial_overlap,exact_same_party,06441030,La Plata,06441,La Plata,,,,,True,True,
482,06441,La Plata,1113,La Plata,06441_la_plata,same_party_label_without_spatial_overlap,exact_same_party,06441030,La Plata,06441,La Plata,,,,,True,True,
483,06441,La Plata,1114,La Plata,06441_la_plata,same_party_label_without_spatial_overlap,exact_same_party,06441030,La Plata,06441,La Plata,,,,,True,True,
484,06441,La Plata,1115,La Plata,06441_la_plata,same_party_label_without_spatial_overlap,exact_same_party,06441030,La Plata,06441,La Plata,,,,,True,True,
485,06441,La Plata,1116,La Plata,06441_la_plata,same_party_label_without_spatial_overlap,exact_same_party,06441030,La Plata,06441,La Plata,,,,,True,True,
501,06441,La Plata,1117,La Plata,06441_la_plata,valid_same_party_spatial,exact_same_party,06441030,La Plata,06441,La Plata,1.4597,06441030,La Plata,1.4597,True,True,
505B,06441,La Plata,1118,Berazategui,06441_berazategui,label_matches_other_party,exact_other_or_multiple_party,06091010,Berazategui,06091,Berazategui,,06441030,La Plata,4.0383,True,True,
516,06441,La Plata,1119,Berisso,06441_berisso,label_matches_other_party,exact_other_or_multiple_party,06098010,Berisso,06098,Berisso,,06441030,La Plata,0.1501,True,True,
517,06441,La Plata,1120,La Plata,06441_la_plata,same_party_label_without_spatial_overlap,exact_same_party,06441030,La Plata,06441,La Plata,,,,,True,True,
519,06441,La Plata,1121,Berisso,06441_berisso,label_matches_other_party,exact_other_or_multiple_party,06098010,Berisso,06098,Berisso,,06441030,La Plata,0.1487,True,True,
520,06441,La Plata,1122,Berisso,06441_berisso,label_matches_other_party,exact_other_or_multiple_party,06098010,Berisso,06098,Berisso,,06441030,La Plata,0.2288,True,True,
496,06441,La Plata,1123,Berisso,06441_berisso,label_matches_other_party,exact_other_or_multiple_party,06098010,Berisso,06098,Berisso,,06441030,La Plata,0.8178,True,True,
486,06441,La Plata,1124,La Plata,06441_la_plata,same_party_label_without_spatial_overlap,exact_same_party,06441030,La Plata,06441,La Plata,,,,,True,True,
487,06441,La Plata,1125,La Plata,06441_la_plata,same_party_label_without_spatial_overlap,exact_same_party,06441030,La Plata,06441,La Plata,,,,,True,True,
498,06441,La Plata,1126,Campos de Roca - Posada de Los Lagos,06441_campos_de_roca_posada_de_los_lagos,label_matches_other_party,exact_other_or_multiple_party,06119045,Campos de Roca - Posada de Los Lagos,06119,Brandsen,0.1612,06441030,La Plata,15.8111,True,True,
509,06441,La Plata,1127,La Plata,06441_la_plata,valid_same_party_spatial,exact_same_party,06441030,La Plata,06441,La Plata,4.714,06441030,La Plata,4.714,True,True,
509A,06441,La Plata,1128,La Plata,06441_la_plata,valid_same_party_spatial,exact_same_party,06441030,La Plata,06441,La Plata,4.8092,06441030,La Plata,4.8092,True,True,
521,06441,La Plata,1129,La Plata,06441_la_plata,same_party_label_without_spatial_overlap,exact_same_party,06441030,La Plata,06441,La Plata,,,,,True,True,
497A,06441,La Plata,1130,La Plata,06441_la_plata,valid_same_party_spatial,exact_same_party,06441030,La Plata,06441,La Plata,11.3773,06441030,La Plata,11.3773,True,True,
497F,06441,La Plata,1131,La Plata,06441_la_plata,valid_same_party_spatial,exact_same_party,06441030,La Plata,06441,La Plata,2.8755,06441030,La Plata,2.8755,True,True,
495,06441,La Plata,1132,La Plata,06441_la_plata,valid_same_party_spatial,exact_same_party,06441030,La Plata,06441,La Plata,0.6208,06441030,La Plata,0.6208,True,True,
497,06441,La Plata,1133,La Plata,06441_la_plata,valid_same_party_spatial,exact_same_party,06441030,La Plata,06441,La Plata,0.3874,06441030,La Plata,0.3874,True,True,
497D,06441,La Plata,1134,La Plata,06441_la_plata,valid_same_party_spatial,exact_same_party,06441030,La Plata,06441,La Plata,0.3829,06441030,La Plata,0.3829,True,True,
497C,06441,La Plata,1135,La Plata,06441_la_plata,valid_same_party_spatial,exact_same_party,06441030,La Plata,06441,La Plata,0.3838,06441030,La Plata,0.3838,True,True,
508F,06441,La Plata,1136,La Plata,06441_la_plata,valid_same_party_spatial,exact_same_party,06441030,La Plata,06441,La Plata,4.8917,06441030,La Plata,4.8917,True,True,
496D,06441,La Plata,1137,La Plata,06441_la_plata,valid_same_party_spatial,exact_same_party,06441030,La Plata,06441,La Plata,1.8673,06441030,La Plata,1.8673,True,True,
496B,06441,La Plata,1138,La Plata,06441_la_plata,valid_same_party_spatial,exact_same_party,06441030,La Plata,06441,La Plata,0.9518,06441030,La Plata,0.9518,True,True,
496C,06441,La Plata,1139,La Plata,06441_la_plata,valid_same_party_spatial,exact_same_party,06441030,La Plata,06441,La Plata,1.3179,06441030,La Plata,1.3179,True,True,
497E,06441,La Plata,1140,La Plata,06441_la_plata,valid_same_party_spatial,exact_same_party,06441030,La Plata,06441,La Plata,4.6597,06441030,La Plata,4.6597,True,True,
497B,06441,La Plata,1141,La Plata,06441_la_plata,valid_same_party_spatial,exact_same_party,06441030,La Plata,06441,La Plata,1.5908,06441030,La Plata,1.5908,True,True,
496E,06441,La Plata,1142,La Plata,06441_la_plata,valid_same_party_spatial,exact_same_party,06441030,La Plata,06441,La Plata,3.6221,06441030,La Plata,3.6221,True,True,
508G,06441,La Plata,1143,Barrio Las Golondrinas,06441_barrio_las_golondrinas,label_matches_other_party,exact_other_or_multiple_party,06119020,Barrio Las Golondrinas,06119,Brandsen,,06441030,La Plata,1.2898,True,True,
503A,06441,La Plata,1144,La Plata,06441_la_plata,valid_same_party_spatial,exact_same_party,06441030,La Plata,06441,La Plata,1.8744,06441030,La Plata,1.8744,True,True,
508D,06441,La Plata,1145,La Plata,06441_la_plata,valid_same_party_spatial,exact_same_party,06441030,La Plata,06441,La Plata,1.3666,06441030,La Plata,1.3666,True,True,
508B,06441,La Plata,1146,La Plata,06441_la_plata,valid_same_party_spatial,exact_same_party,06441030,La Plata,06441,La Plata,0.5556,06441030,La Plata,0.5556,True,True,
505A,06441,La Plata,1147,Berazategui,06441_berazategui,label_matches_other_party,exact_other_or_multiple_party,06091010,Berazategui,06091,Berazategui,,06441030,La Plata,2.5922,True,True,
496F,06441,La Plata,1148,La Plata,06441_la_plata,valid_same_party_spatial,exact_same_party,06441030,La Plata,06441,La Plata,2.6292,06441030,La Plata,2.6292,True,True,
502,06441,La Plata,1149,Ensenada,06441_ensenada,label_matches_other_party,exact_other_or_multiple_party,06245010,Ensenada,06245,Ensenada,,06441030,La Plata,1.4609,True,True,
505,06441,La Plata,1150,Berazategui,06441_berazategui,label_matches_other_party,exact_other_or_multiple_party,06091010,Berazategui,06091,Berazategui,,06441030,La Plata,1.4162,True,True,
496A,06441,La Plata,1151,Berisso,06441_berisso,label_matches_other_party,exact_other_or_multiple_party,06098010,Berisso,06098,Berisso,,06441030,La Plata,6.6218,True,True,
504A,06441,La Plata,1152,Ensenada,06441_ensenada,label_matches_other_party,exact_other_or_multiple_party,06245010,Ensenada,06245,Ensenada,,06441030,La Plata,1.6483,True,True,
503,06441,La Plata,1153,La Plata,06441_la_plata,valid_same_party_spatial,exact_same_party,06441030,La Plata,06441,La Plata,2.906,06441030,La Plata,2.906,True,True,
