circuit,party_code,party_name,status,method,confidence,assigned_clc,assigned_name,dominant_population_share,radio_count,urban_radio_count,null_radio_count,urban_population,null_population,candidate_count,candidate_clc,candidate_names,candidate_population,candidate_shares,excluded_cross_party_radios
1,06007,Adolfo Alsina,localidad_unica,radios_clc_unico,alta,06007010,Carhué,100.00%,25,18,7,8922,86,1,06007010,Carhué,8922,100.00%,
2,06007,Adolfo Alsina,localidad_unica,radios_clc_unico,alta,06007010,Carhué,100.00%,16,1,15,581,270,1,06007010,Carhué,581,100.00%,
3,06007,Adolfo Alsina,localidad_unica,radios_clc_unico,alta,06007080,Rivera,100.00%,24,6,18,3448,290,1,06007080,Rivera,3448,100.00%,
4,06007,Adolfo Alsina,sin_localidad_mas2000,,,,,,8,0,8,0,167,0,,,,,
5,06007,Adolfo Alsina,sin_localidad_mas2000,,,,,,26,0,26,0,2602,0,,,,,
6,06007,Adolfo Alsina,sin_localidad_mas2000,,,,,,15,0,15,0,225,0,,,,,
7,06007,Adolfo Alsina,sin_localidad_mas2000,,,,,,15,0,15,0,753,0,,,,,
10,06021,Alberti,localidad_unica,radios_clc_unico,alta,06021010,Alberti,100.00%,23,15,8,9254,427,1,06021010,Alberti,9254,100.00%,
11,06021,Alberti,localidad_unica,radios_clc_unico,alta,06021030,Mechita,100.00%,3,1,2,654,61,1,06021030,Mechita,654,100.00%,
12,06021,Alberti,sin_localidad_mas2000,,,,,,8,0,8,0,716,0,,,,,
13,06021,Alberti,sin_localidad_mas2000,,,,,,8,0,8,0,374,0,,,,,
14,06021,Alberti,sin_localidad_mas2000,,,,,,3,0,3,0,1109,0,,,,,
15,06021,Alberti,sin_localidad_mas2000,,,,,,4,0,4,0,311,0,,,,,
17,06028,Almirante Brown,localidad_unica,radios_clc_unico,alta,06028010,Almirante Brown,100.00%,35,35,0,29016,0,1,06028010,Almirante Brown,29016,100.00%,
18,06028,Almirante Brown,localidad_unica,radios_clc_unico,alta,06028010,Almirante Brown,100.00%,38,38,0,42744,0,1,06028010,Almirante Brown,42744,100.00%,
19,06028,Almirante Brown,localidad_unica,radios_clc_unico,alta,06028010,Almirante Brown,100.00%,51,51,0,61211,0,1,06028010,Almirante Brown,61211,100.00%,
20,06028,Almirante Brown,localidad_unica,radios_clc_unico,alta,06028010,Almirante Brown,100.00%,80,80,0,77386,0,1,06028010,Almirante Brown,77386,100.00%,
21,06028,Almirante Brown,localidad_unica,radios_clc_unico,alta,06028010,Almirante Brown,100.00%,61,61,0,63454,0,1,06028010,Almirante Brown,63454,100.00%,
22,06028,Almirante Brown,localidad_unica,radios_clc_unico,alta,06028010,Almirante Brown,100.00%,70,70,0,79089,0,1,06028010,Almirante Brown,79089,100.00%,
23,06035,Avellaneda,localidad_unica,radios_clc_unico,alta,06035010,Avellaneda,100.00%,30,30,0,18114,0,1,06035010,Avellaneda,18114,100.00%,
24,06035,Avellaneda,localidad_unica,radios_clc_unico,alta,06035010,Avellaneda,100.00%,17,17,0,13171,0,1,06035010,Avellaneda,13171,100.00%,
25,06035,Avellaneda,localidad_unica,radios_clc_unico,alta,06035010,Avellaneda,100.00%,17,17,0,17370,0,1,06035010,Avellaneda,17370,100.00%,
26,06035,Avellaneda,localidad_unica,radios_clc_unico,alta,06035010,Avellaneda,100.00%,14,14,0,11363,0,1,06035010,Avellaneda,11363,100.00%,
27,06035,Avellaneda,localidad_unica,radios_clc_unico,alta,06035010,Avellaneda,100.00%,22,22,0,21787,0,1,06035010,Avellaneda,21787,100.00%,
30,06035,Avellaneda,localidad_unica,radios_clc_unico,alta,06035010,Avellaneda,100.00%,10,10,0,7784,0,1,06035010,Avellaneda,7784,100.00%,
31,06035,Avellaneda,localidad_unica,radios_clc_unico,alta,06035010,Avellaneda,100.00%,2,2,0,1760,0,1,06035010,Avellaneda,1760,100.00%,
32,06035,Avellaneda,localidad_unica,radios_clc_unico,alta,06035010,Avellaneda,100.00%,7,7,0,5150,0,1,06035010,Avellaneda,5150,100.00%,
33,06035,Avellaneda,localidad_unica,radios_clc_unico,alta,06035010,Avellaneda,100.00%,20,20,0,15610,0,1,06035010,Avellaneda,15610,100.00%,
34,06035,Avellaneda,localidad_unica,radios_clc_unico,alta,06035010,Avellaneda,100.00%,28,28,0,23482,0,1,06035010,Avellaneda,23482,100.00%,
37,06035,Avellaneda,localidad_unica,radios_clc_unico,alta,06035010,Avellaneda,100.00%,35,35,0,32408,0,1,06035010,Avellaneda,32408,100.00%,
38,06035,Avellaneda,localidad_unica,radios_clc_unico,alta,06035010,Avellaneda,100.00%,62,62,0,49375,0,1,06035010,Avellaneda,49375,100.00%,
39,06035,Avellaneda,localidad_unica,radios_clc_unico,alta,06035010,Avellaneda,100.00%,63,63,0,61232,0,1,06035010,Avellaneda,61232,100.00%,
40,06035,Avellaneda,localidad_unica,radios_clc_unico,alta,06035010,Avellaneda,100.00%,102,102,0,87511,0,1,06035010,Avellaneda,87511,100.00%,
46,06042,Ayacucho,localidad_unica,radios_clc_unico,alta,06042010,Ayacucho,100.00%,28,26,2,18916,530,1,06042010,Ayacucho,18916,100.00%,
48,06042,Ayacucho,sin_localidad_mas2000,,,,,,1,0,1,0,127,0,,,,,
49,06042,Ayacucho,sin_localidad_mas2000,,,,,,2,0,2,0,135,0,,,,,
50,06042,Ayacucho,sin_localidad_mas2000,,,,,,4,0,4,0,360,0,,,,,
51,06042,Ayacucho,sin_localidad_mas2000,,,,,,1,0,1,0,157,0,,,,,
52,06042,Ayacucho,sin_localidad_mas2000,,,,,,3,0,3,0,327,0,,,,,
53,06042,Ayacucho,sin_localidad_mas2000,,,,,,2,0,2,0,175,0,,,,,
54,06042,Ayacucho,sin_localidad_mas2000,,,,,,2,0,2,0,138,0,,,,,
55,06042,Ayacucho,sin_localidad_mas2000,,,,,,2,0,2,0,292,0,,,,,
56,06042,Ayacucho,sin_localidad_mas2000,,,,,,2,0,2,0,280,0,,,,,
57,06042,Ayacucho,sin_localidad_mas2000,,,,,,2,0,2,0,320,0,,,,,
60,06049,Azul,localidad_unica,radios_clc_unico,alta,06049020,Azul,100.00%,76,74,2,62346,325,1,06049020,Azul,62346,100.00%,
61,06049,Azul,sin_localidad_mas2000,,,,,,3,0,3,0,277,0,,,,,
62,06049,Azul,localidad_unica,radios_clc_unico,alta,06049040,Chillar,100.00%,8,6,2,3453,85,1,06049040,Chillar,3453,100.00%,
63,06049,Azul,sin_localidad_mas2000,,,,,,2,0,2,0,229,0,,,,,
64,06049,Azul,sin_localidad_mas2000,,,,,,2,0,2,0,194,0,,,,,
65,06049,Azul,sin_localidad_mas2000,,,,,,5,0,5,0,163,0,,,,,
66,06049,Azul,localidad_unica,radios_clc_unico,alta,06049020,Azul,100.00%,10,6,4,2540,503,1,06049020,Azul,2540,100.00%,
67,06049,Azul,localidad_unica,radios_clc_unico,alta,06049030,Cacharí,100.00%,13,10,3,3903,242,1,06049030,Cacharí,3903,100.00%,
68,06049,Azul,sin_localidad_mas2000,,,,,,3,0,3,0,229,0,,,,,
69,06049,Azul,sin_localidad_mas2000,,,,,,2,0,2,0,158,0,,,,,
72,06056,Bahía Blanca,localidad_unica,radios_clc_unico,alta,06056010,Bahía Blanca,100.00%,27,27,0,12522,0,1,06056010,Bahía Blanca,12522,100.00%,
73,06056,Bahía Blanca,localidad_unica,radios_clc_unico,alta,06056010,Bahía Blanca,100.00%,42,42,0,25640,0,1,06056010,Bahía Blanca,25640,100.00%,
74,06056,Bahía Blanca,localidad_unica,radios_clc_unico,alta,06056010,Bahía Blanca,100.00%,26,26,0,23652,0,1,06056010,Bahía Blanca,23652,100.00%,
75,06056,Bahía Blanca,localidad_unica,radios_clc_unico,alta,06056010,Bahía Blanca,100.00%,23,23,0,17092,0,1,06056010,Bahía Blanca,17092,100.00%,
76,06056,Bahía Blanca,localidad_unica,radios_clc_unico,alta,06056010,Bahía Blanca,100.00%,67,65,2,54216,165,1,06056010,Bahía Blanca,54216,100.00%,
77,06056,Bahía Blanca,localidad_unica,radios_clc_unico,alta,06056010,Bahía Blanca,100.00%,3,3,0,2414,0,1,06056010,Bahía Blanca,2414,100.00%,
78,06056,Bahía Blanca,localidad_unica,radios_clc_unico,alta,06056010,Bahía Blanca,100.00%,12,12,0,8627,0,1,06056010,Bahía Blanca,8627,100.00%,
79,06056,Bahía Blanca,localidad_unica,radios_clc_unico,alta,06056010,Bahía Blanca,100.00%,6,6,0,5803,0,1,06056010,Bahía Blanca,5803,100.00%,
80,06056,Bahía Blanca,localidad_unica,radios_clc_unico,alta,06056020,Cabildo,100.00%,10,6,4,2305,399,1,06056020,Cabildo,2305,100.00%,
83,06056,Bahía Blanca,localidad_unica,radios_clc_unico,alta,06056010,Bahía Blanca,100.00%,33,33,0,16974,0,1,06056010,Bahía Blanca,16974,100.00%,
84,06056,Bahía Blanca,localidad_unica,radios_clc_unico,alta,06056010,Bahía Blanca,100.00%,25,25,0,12071,0,1,06056010,Bahía Blanca,12071,100.00%,
85,06056,Bahía Blanca,localidad_unica,radios_clc_unico,alta,06056010,Bahía Blanca,100.00%,68,67,1,42101,160,1,06056010,Bahía Blanca,42101,100.00%,
86,06056,Bahía Blanca,localidad_unica,radios_clc_unico,alta,06056010,Bahía Blanca,100.00%,49,49,0,35588,0,1,06056010,Bahía Blanca,35588,100.00%,
87,06056,Bahía Blanca,localidad_unica,radios_clc_unico,alta,06056010,Bahía Blanca,100.00%,23,22,1,19837,30,1,06056010,Bahía Blanca,19837,100.00%,
88,06056,Bahía Blanca,multilocalidad_clasificada,mayor_poblacion_radios,media,06056030,General Daniel Cerri,65.77%,27,23,4,11714,385,2,06056030 | 06056010,General Daniel Cerri | Bahía Blanca,7704 | 4010,65.77% | 34.23%,
89,06056,Bahía Blanca,localidad_unica,radios_clc_unico,alta,06056010,Bahía Blanca,100.00%,8,8,0,4845,0,1,06056010,Bahía Blanca,4845,100.00%,
90,06056,Bahía Blanca,localidad_unica,radios_clc_unico,alta,06056010,Bahía Blanca,100.00%,3,3,0,1963,0,1,06056010,Bahía Blanca,1963,100.00%,
91,06056,Bahía Blanca,localidad_unica,radios_clc_unico,alta,06056010,Bahía Blanca,100.00%,14,14,0,15482,0,1,06056010,Bahía Blanca,15482,100.00%,
92,06056,Bahía Blanca,localidad_unica,radios_clc_unico,alta,06056010,Bahía Blanca,100.00%,12,12,0,10502,0,1,06056010,Bahía Blanca,10502,100.00%,
93,06056,Bahía Blanca,localidad_unica,radios_clc_unico,alta,06056010,Bahía Blanca,100.00%,10,10,0,10018,0,1,06056010,Bahía Blanca,10018,100.00%,
98,06063,Balcarce,localidad_unica,radios_clc_unico,alta,06063010,Balcarce,100.00%,57,55,2,44175,449,1,06063010,Balcarce,44175,100.00%,
99,06063,Balcarce,sin_localidad_mas2000,,,,,,6,0,6,0,611,0,,,,,
100,06063,Balcarce,sin_localidad_mas2000,,,,,,10,0,10,0,608,0,,,,,
101,06063,Balcarce,sin_localidad_mas2000,,,,,,7,0,7,0,626,0,,,,,
102,06063,Balcarce,sin_localidad_mas2000,,,,,,9,0,9,0,559,0,,,,,
103,06063,Balcarce,sin_localidad_mas2000,,,,,,6,0,6,0,270,0,,,,,
104,06063,Balcarce,localidad_unica,radios_clc_unico,alta,06063010,Balcarce,100.00%,5,1,4,234,70,1,06063010,Balcarce,234,100.00%,
105,06070,Baradero,localidad_unica,radios_clc_unico,alta,06070010,Baradero,100.00%,38,36,2,29061,105,1,06070010,Baradero,29061,100.00%,
106,06070,Baradero,localidad_unica,radios_clc_unico,alta,06070010,Baradero,100.00%,6,3,3,1005,199,1,06070010,Baradero,1005,100.00%,
107,06070,Baradero,localidad_unica,radios_clc_unico,alta,06070010,Baradero,100.00%,6,4,2,5323,162,1,06070010,Baradero,5323,100.00%,
108,06070,Baradero,sin_localidad_mas2000,,,,,,2,0,2,0,76,0,,,,,
109,06070,Baradero,sin_localidad_mas2000,,,,,,2,0,2,0,112,0,,,,,
110,06070,Baradero,sin_localidad_mas2000,,,,,,10,0,10,0,811,0,,,,,
111,06070,Baradero,sin_localidad_mas2000,,,,,,6,0,6,0,519,0,,,,,
113,06070,Baradero,sin_localidad_mas2000,,,,,,5,0,5,0,1736,0,,,,,
114,06070,Baradero,sin_localidad_mas2000,,,,,,3,0,3,0,114,0,,,,,
117,06077,Arrecifes,localidad_unica,radios_clc_unico,alta,06077010,Arrecifes,100.00%,50,35,15,29647,477,1,06077010,Arrecifes,29647,100.00%,
118,06077,Arrecifes,localidad_unica,radios_clc_unico,alta,06077010,Arrecifes,100.00%,5,1,4,750,615,1,06077010,Arrecifes,750,100.00%,
120,06077,Arrecifes,sin_localidad_mas2000,,,,,,2,0,2,0,90,0,,,,,
121,06140,Capitán Sarmiento,localidad_unica,radios_clc_unico,alta,06140010,Capitán Sarmiento,100.00%,30,18,12,14887,582,1,06140010,Capitán Sarmiento,14887,100.00%,
122,06140,Capitán Sarmiento,sin_localidad_mas2000,,,,,,7,0,7,0,413,0,,,,,
125,06105,Bolívar,localidad_unica,radios_clc_unico,alta,06105060,San Carlos de Bolívar,100.00%,50,43,7,31618,715,1,06105060,San Carlos de Bolívar,31618,100.00%,
126,06105,Bolívar,sin_localidad_mas2000,,,,,,1,0,1,0,164,0,,,,,
127,06105,Bolívar,sin_localidad_mas2000,,,,,,4,0,4,0,506,0,,,,,
128,06105,Bolívar,sin_radios,,,,,,0,0,0,0,0,0,,,,,
129,06105,Bolívar,sin_localidad_mas2000,,,,,,2,0,2,0,332,0,,,,,
130,06105,Bolívar,sin_localidad_mas2000,,,,,,1,0,1,0,74,0,,,,,
131,06105,Bolívar,sin_localidad_mas2000,,,,,,2,0,2,0,153,0,,,,,
132,06105,Bolívar,sin_localidad_mas2000,,,,,,8,0,8,0,1636,0,,,,,
133,06105,Bolívar,sin_localidad_mas2000,,,,,,6,0,6,0,1631,0,,,,,
136,06112,Bragado,localidad_unica,radios_clc_unico,alta,06112020,Bragado,100.00%,50,48,2,36278,112,1,06112020,Bragado,36278,100.00%,
137,06112,Bragado,multilocalidad_clasificada,mayor_poblacion_radios,media,06112020,Bragado,63.26%,13,10,3,3977,75,2,06112020 | 06112080,Bragado | Mechita,2516 | 1461,63.26% | 36.74%,
138,06112,Bragado,sin_localidad_mas2000,,,,,,6,0,6,0,268,0,,,,,
139,06112,Bragado,sin_localidad_mas2000,,,,,,5,0,5,0,121,0,,,,,
140,06112,Bragado,sin_localidad_mas2000,,,,,,5,0,5,0,448,0,,,,,
141,06112,Bragado,sin_localidad_mas2000,,,,,,7,0,7,0,88,0,,,,,
142,06112,Bragado,sin_localidad_mas2000,,,,,,5,0,5,0,109,0,,,,,
143,06112,Bragado,localidad_unica,radios_clc_unico,alta,06112040,Eduardo O'Brien,100.00%,11,6,5,2978,112,1,06112040,Eduardo O'Brien,2978,100.00%,
144,06112,Bragado,sin_localidad_mas2000,,,,,,9,0,9,0,655,0,,,,,
145,06112,Bragado,sin_localidad_mas2000,,,,,,10,0,10,0,1006,0,,,,,
148,06119,Brandsen,multilocalidad_clasificada,mayor_poblacion_radios,alta,06119050,Brandsen,96.95%,49,36,13,25258,609,2,06119050 | 06119040,Brandsen | Barrio Parque Las Acacias,24487 | 771,96.95% | 3.05%,
149,06119,Brandsen,localidad_unica,radios_clc_unico,alta,06119045,Campos de Roca - Posada de Los Lagos,100.00%,12,7,5,637,218,1,06119045,Campos de Roca - Posada de Los Lagos,637,100.00%,
150,06119,Brandsen,localidad_unica,radios_clc_unico,alta,06119070,Jeppener,100.00%,8,4,4,2793,128,1,06119070,Jeppener,2793,100.00%,
151,06119,Brandsen,multilocalidad_clasificada,mayor_poblacion_radios,media,06119020,Barrio Las Golondrinas,57.13%,9,3,6,1017,581,2,06119020 | 06119060,Barrio Las Golondrinas | Gómez,581 | 436,57.13% | 42.87%,
152,06119,Brandsen,sin_localidad_mas2000,,,,,,6,0,6,0,402,0,,,,,
153,06119,Brandsen,sin_localidad_mas2000,,,,,,3,0,3,0,334,0,,,,,
155,06126,Campana,localidad_unica,radios_clc_unico,alta,06126030,Campana,100.00%,36,30,6,25517,1035,1,06126030,Campana,25517,100.00%,
156,06126,Campana,localidad_unica,radios_clc_unico,alta,06126030,Campana,100.00%,25,20,5,20709,501,1,06126030,Campana,20709,100.00%,
157,06134,Cañuelas,localidad_unica,radios_clc_unico,alta,06134030,Cañuelas,100.00%,55,45,10,36430,2383,1,06134030,Cañuelas,36430,100.00%,
158,06134,Cañuelas,localidad_unica,radios_clc_unico,alta,06134030,Cañuelas,100.00%,17,13,4,5371,564,1,06134030,Cañuelas,5371,100.00%,
159,06134,Cañuelas,localidad_unica,radios_clc_unico,alta,06134070,Uribelarrea,100.00%,5,3,2,1660,76,1,06134070,Uribelarrea,1660,100.00%,
160,06134,Cañuelas,sin_localidad_mas2000,,,,,,2,0,2,0,284,0,,,,,
161,06134,Cañuelas,sin_localidad_mas2000,,,,,,2,0,2,0,204,0,,,,,
162,06134,Cañuelas,sin_localidad_mas2000,,,,,,4,0,4,0,556,0,,,,,
164,06147,Carlos Casares,localidad_unica,radios_clc_unico,alta,06147030,Carlos Casares,100.00%,50,27,23,19397,1292,1,06147030,Carlos Casares,19397,100.00%,
165,06147,Carlos Casares,sin_localidad_mas2000,,,,,,6,0,6,0,717,0,,,,,
166,06147,Carlos Casares,sin_localidad_mas2000,,,,,,3,0,3,0,173,0,,,,,
167,06147,Carlos Casares,sin_localidad_mas2000,,,,,,4,0,4,0,65,0,,,,,
169,06154,Carlos Tejedor,localidad_unica,radios_clc_unico,alta,06154010,Carlos Tejedor,100.00%,18,11,7,6671,358,1,06154010,Carlos Tejedor,6671,100.00%,
170,06154,Carlos Tejedor,sin_localidad_mas2000,,,,,,7,0,7,0,852,0,,,,,
171,06154,Carlos Tejedor,sin_localidad_mas2000,,,,,,4,0,4,0,612,0,,,,,
172,06154,Carlos Tejedor,sin_localidad_mas2000,,,,,,5,0,5,0,1009,0,,,,,
173,06154,Carlos Tejedor,localidad_unica,radios_clc_unico,alta,06154050,Tres Algarrobos,100.00%,13,5,8,4008,411,1,06154050,Tres Algarrobos,4008,100.00%,
175,06161,Carmen De Areco,localidad_unica,radios_clc_unico,alta,06161010,Carmen de Areco,100.00%,34,25,9,15900,432,1,06161010,Carmen de Areco,15900,100.00%,
176,06161,Carmen De Areco,sin_localidad_mas2000,,,,,,12,0,12,0,766,0,,,,,
177,06161,Carmen De Areco,sin_localidad_mas2000,,,,,,7,0,7,0,247,0,,,,,
179,06231,Daireaux,localidad_unica,radios_clc_unico,alta,06231030,Daireaux,100.00%,25,18,7,13914,177,1,06231030,Daireaux,13914,100.00%,
180,06231,Daireaux,sin_localidad_mas2000,,,,,,9,0,9,0,872,0,,,,,
181,06231,Daireaux,sin_localidad_mas2000,,,,,,17,0,17,0,367,0,,,,,
182,06231,Daireaux,sin_localidad_mas2000,,,,,,10,0,10,0,221,0,,,,,
183,06231,Daireaux,localidad_unica,radios_clc_unico,alta,06231060,Salazar,100.00%,12,4,8,2358,419,1,06231060,Salazar,2358,100.00%,
185,06168,Castelli,localidad_unica,radios_clc_unico,alta,06168010,Castelli,100.00%,33,12,21,7935,1010,1,06168010,Castelli,7935,100.00%,
186,06168,Castelli,sin_localidad_mas2000,,,,,,7,0,7,0,207,0,,,,,
187,06168,Castelli,sin_localidad_mas2000,,,,,,10,0,10,0,399,0,,,,,
189,06210,Chacabuco,localidad_unica,radios_clc_unico,alta,06210020,Chacabuco,100.00%,81,73,8,46440,1611,1,06210020,Chacabuco,46440,100.00%,
18A,06028,Almirante Brown,localidad_unica,radios_clc_unico,alta,06028010,Almirante Brown,100.00%,40,40,0,50635,0,1,06028010,Almirante Brown,50635,100.00%,
190,06210,Chacabuco,sin_localidad_mas2000,,,,,,3,0,3,0,1000,0,,,,,
191,06210,Chacabuco,sin_localidad_mas2000,,,,,,1,0,1,0,101,0,,,,,
192,06210,Chacabuco,sin_localidad_mas2000,,,,,,1,0,1,0,32,0,,,,,
193,06210,Chacabuco,sin_localidad_mas2000,,,,,,1,0,1,0,90,0,,,,,
194,06210,Chacabuco,sin_localidad_mas2000,,,,,,1,0,1,0,109,0,,,,,
195,06210,Chacabuco,sin_localidad_mas2000,,,,,,1,0,1,0,80,0,,,,,
196,06210,Chacabuco,sin_localidad_mas2000,,,,,,1,0,1,0,175,0,,,,,
197,06210,Chacabuco,sin_localidad_mas2000,,,,,,10,0,10,0,1992,0,,,,,
198,06210,Chacabuco,sin_localidad_mas2000,,,,,,4,0,4,0,700,0,,,,,
201,06218,Chascomús,localidad_unica,radios_clc_unico,alta,06218010,Chascomús,100.00%,63,56,7,38171,359,1,06218010,Chascomús,38171,100.00%,
202,06218,Chascomús,sin_localidad_mas2000,,,,,,2,0,2,0,49,0,,,,,
203,06218,Chascomús,localidad_unica,radios_clc_unico,alta,06218010,Chascomús,100.00%,7,5,2,1776,139,1,06218010,Chascomús,1776,100.00%,
204,06218,Chascomús,sin_localidad_mas2000,,,,,,4,0,4,0,107,0,,,,,
205,06218,Chascomús,sin_localidad_mas2000,,,,,,4,0,4,0,142,0,,,,,
206,06218,Chascomús,sin_localidad_mas2000,,,,,,8,0,8,0,378,0,,,,,
208,06218,Chascomús,sin_localidad_mas2000,,,,,,3,0,3,0,79,0,,,,,
209,06218,Chascomús,sin_localidad_mas2000,,,,,,14,0,14,0,855,0,,,,,
20A,06028,Almirante Brown,localidad_unica,radios_clc_unico,alta,06028010,Almirante Brown,100.00%,30,30,0,36097,0,1,06028010,Almirante Brown,36097,100.00%,
211,06224,Chivilcoy,localidad_unica,radios_clc_unico,alta,06224010,Chivilcoy,100.00%,103,93,10,65277,557,1,06224010,Chivilcoy,65277,100.00%,
212,06224,Chivilcoy,sin_localidad_mas2000,,,,,,4,0,4,0,224,0,,,,,
213,06224,Chivilcoy,sin_localidad_mas2000,,,,,,2,0,2,0,101,0,,,,,
214,06224,Chivilcoy,sin_localidad_mas2000,,,,,,3,0,3,0,28,0,,,,,
215,06224,Chivilcoy,localidad_unica,radios_clc_unico,alta,06224010,Chivilcoy,100.00%,6,1,5,38,216,1,06224010,Chivilcoy,38,100.00%,
216,06224,Chivilcoy,sin_localidad_mas2000,,,,,,5,0,5,0,114,0,,,,,
217,06224,Chivilcoy,sin_localidad_mas2000,,,,,,2,0,2,0,45,0,,,,,
218,06224,Chivilcoy,sin_localidad_mas2000,,,,,,4,0,4,0,356,0,,,,,
219,06224,Chivilcoy,localidad_unica,radios_clc_unico,alta,06224010,Chivilcoy,100.00%,3,1,2,260,72,1,06224010,Chivilcoy,260,100.00%,
21A,06028,Almirante Brown,localidad_unica,radios_clc_unico,alta,06028010,Almirante Brown,100.00%,29,29,0,30097,0,1,06028010,Almirante Brown,30097,100.00%,
220,06224,Chivilcoy,sin_localidad_mas2000,,,,,,4,0,4,0,169,0,,,,,
221,06224,Chivilcoy,sin_localidad_mas2000,,,,,,4,0,4,0,174,0,,,,,
222,06224,Chivilcoy,localidad_unica,radios_clc_unico,alta,06224050,Moquehuá,100.00%,11,7,4,2404,95,1,06224050,Moquehuá,2404,100.00%,
223,06224,Chivilcoy,sin_localidad_mas2000,,,,,,3,0,3,0,60,0,,,,,
224,06224,Chivilcoy,sin_localidad_mas2000,,,,,,4,0,4,0,305,0,,,,,
225,06224,Chivilcoy,sin_localidad_mas2000,,,,,,2,0,2,0,25,0,,,,,
226,06224,Chivilcoy,sin_localidad_mas2000,,,,,,3,0,3,0,34,0,,,,,
22A,06028,Almirante Brown,localidad_unica,radios_clc_unico,alta,06028010,Almirante Brown,100.00%,37,37,0,44511,0,1,06028010,Almirante Brown,44511,100.00%,
22B,06028,Almirante Brown,localidad_unica,radios_clc_unico,alta,06028010,Almirante Brown,100.00%,24,24,0,28192,0,1,06028010,Almirante Brown,28192,100.00%,
22C,06028,Almirante Brown,localidad_unica,radios_clc_unico,alta,06028010,Almirante Brown,100.00%,39,39,0,40777,0,1,06028010,Almirante Brown,40777,100.00%,
230,06175,Colón,localidad_unica,radios_clc_unico,alta,06175010,Colón,100.00%,45,34,11,26067,509,1,06175010,Colón,26067,100.00%,
231,06175,Colón,sin_localidad_mas2000,,,,,,4,0,4,0,381,0,,,,,
232,06189,Coronel Dorrego,localidad_unica,radios_clc_unico,alta,06189030,Coronel Dorrego,100.00%,20,17,3,11850,225,1,06189030,Coronel Dorrego,11850,100.00%,
233,06189,Coronel Dorrego,sin_localidad_mas2000,,,,,,10,0,10,0,208,0,,,,,
234,06189,Coronel Dorrego,sin_localidad_mas2000,,,,,,19,0,19,0,216,0,,,,,
235,06189,Coronel Dorrego,sin_localidad_mas2000,,,,,,14,0,14,0,148,0,,,,,
236,06189,Coronel Dorrego,sin_localidad_mas2000,,,,,,9,0,9,0,120,0,,,,,
237,06189,Coronel Dorrego,sin_localidad_mas2000,,,,,,9,0,9,0,973,0,,,,,
238,06189,Coronel Dorrego,sin_localidad_mas2000,,,,,,15,0,15,0,1878,0,,,,,
239,06553,Monte Hermoso,localidad_unica,radios_clc_unico,alta,06553020,Monte Hermoso,100.00%,38,34,4,7844,600,1,06553020,Monte Hermoso,7844,100.00%,
240,06196,Coronel Pringles,localidad_unica,radios_clc_unico,alta,06196010,Coronel Pringles,100.00%,46,38,8,21555,333,1,06196010,Coronel Pringles,21555,100.00%,
241,06196,Coronel Pringles,sin_localidad_mas2000,,,,,,10,0,10,0,326,0,,,,,
242,06196,Coronel Pringles,sin_localidad_mas2000,,,,,,8,0,8,0,120,0,,,,,
243,06196,Coronel Pringles,sin_localidad_mas2000,,,,,,17,0,17,0,1322,0,,,,,
244,06196,Coronel Pringles,sin_localidad_mas2000,,,,,,6,0,6,0,120,0,,,,,
245,06196,Coronel Pringles,sin_localidad_mas2000,,,,,,6,0,6,0,112,0,,,,,
246,06196,Coronel Pringles,sin_localidad_mas2000,,,,,,16,0,16,0,222,0,,,,,
248,06182,Coronel De Marina Leonardo Rosales,localidad_unica,radios_clc_unico,alta,06182030,Punta Alta,100.00%,25,25,0,19935,0,1,06182030,Punta Alta,19935,100.00%,
249,06182,Coronel De Marina Leonardo Rosales,sin_localidad_mas2000,,,,,,3,0,3,0,251,0,,,,,
252,06203,Coronel Suárez,localidad_unica,radios_clc_unico,alta,06203020,Coronel Suárez,100.00%,53,34,19,25727,329,1,06203020,Coronel Suárez,25727,100.00%,
253,06203,Coronel Suárez,sin_localidad_mas2000,,,,,,3,0,3,0,1783,0,,,,,
254,06203,Coronel Suárez,localidad_unica,radios_clc_unico,alta,06203050,Huanguelén,100.00%,29,11,18,4898,320,1,06203050,Huanguelén,4898,100.00%,
255,06203,Coronel Suárez,sin_localidad_mas2000,,,,,,11,0,11,0,162,0,,,,,
256,06203,Coronel Suárez,sin_localidad_mas2000,,,,,,14,0,14,0,308,0,,,,,
257,06203,Coronel Suárez,sin_localidad_mas2000,,,,,,5,0,5,0,49,0,,,,,
258,06203,Coronel Suárez,sin_localidad_mas2000,,,,,,3,0,3,0,227,0,,,,,
259,06434,Lanús,localidad_unica,radios_clc_unico,alta,06434010,Lanús,100.00%,14,14,0,11773,0,1,06434010,Lanús,11773,100.00%,
260,06434,Lanús,localidad_unica,radios_clc_unico,alta,06434010,Lanús,100.00%,54,54,0,39303,0,1,06434010,Lanús,39303,100.00%,
261,06434,Lanús,localidad_unica,radios_clc_unico,alta,06434010,Lanús,100.00%,43,43,0,40177,0,1,06434010,Lanús,40177,100.00%,
262,06434,Lanús,localidad_unica,radios_clc_unico,alta,06434010,Lanús,100.00%,69,69,0,70500,0,1,06434010,Lanús,70500,100.00%,
263,06434,Lanús,localidad_unica,radios_clc_unico,alta,06434010,Lanús,100.00%,29,29,0,24800,0,1,06434010,Lanús,24800,100.00%,
264,06434,Lanús,localidad_unica,radios_clc_unico,alta,06434010,Lanús,100.00%,16,16,0,12397,0,1,06434010,Lanús,12397,100.00%,
265,06434,Lanús,localidad_unica,radios_clc_unico,alta,06434010,Lanús,100.00%,37,37,0,31032,0,1,06434010,Lanús,31032,100.00%,
271,06434,Lanús,localidad_unica,radios_clc_unico,alta,06434010,Lanús,100.00%,20,20,0,17552,0,1,06434010,Lanús,17552,100.00%,
272,06434,Lanús,localidad_unica,radios_clc_unico,alta,06434010,Lanús,100.00%,25,25,0,20755,0,1,06434010,Lanús,20755,100.00%,
273,06434,Lanús,localidad_unica,radios_clc_unico,alta,06434010,Lanús,100.00%,91,91,0,72378,0,1,06434010,Lanús,72378,100.00%,
274,06434,Lanús,localidad_unica,radios_clc_unico,alta,06434010,Lanús,100.00%,57,57,0,52358,0,1,06434010,Lanús,52358,100.00%,
275,06434,Lanús,localidad_unica,radios_clc_unico,alta,06434010,Lanús,100.00%,40,40,0,29832,0,1,06434010,Lanús,29832,100.00%,
276,06434,Lanús,localidad_unica,radios_clc_unico,alta,06434010,Lanús,100.00%,57,57,0,37224,0,1,06434010,Lanús,37224,100.00%,
281,06238,Dolores,localidad_unica,radios_clc_unico,alta,06238010,Dolores,100.00%,56,48,8,30077,286,1,06238010,Dolores,30077,100.00%,
282,06238,Dolores,sin_localidad_mas2000,,,,,,1,0,1,0,109,0,,,,,
283,06238,Dolores,localidad_unica,radios_clc_unico,alta,06238010,Dolores,100.00%,3,1,2,295,134,1,06238010,Dolores,295,100.00%,
284,06238,Dolores,sin_localidad_mas2000,,,,,,2,0,2,0,47,0,,,,,
285,06238,Dolores,sin_localidad_mas2000,,,,,,2,0,2,0,457,0,,,,,
286,06260,Esteban Echeverría,localidad_unica,radios_clc_unico,alta,06260010,Esteban Echeverría,100.00%,11,11,0,13391,0,1,06260010,Esteban Echeverría,13391,100.00%,
287,06260,Esteban Echeverría,localidad_unica,radios_clc_unico,alta,06260010,Esteban Echeverría,100.00%,24,24,0,31991,0,1,06260010,Esteban Echeverría,31991,100.00%,
288,06260,Esteban Echeverría,localidad_unica,radios_clc_unico,alta,06260010,Esteban Echeverría,100.00%,37,37,0,32003,0,1,06260010,Esteban Echeverría,32003,100.00%,
289,06270,Ezeiza,localidad_unica,radios_clc_unico,alta,06270010,Ezeiza,100.00%,61,61,0,66178,0,1,06270010,Ezeiza,66178,100.00%,
290,06270,Ezeiza,localidad_unica,radios_clc_unico,alta,06270010,Ezeiza,100.00%,37,37,0,44608,0,1,06270010,Ezeiza,44608,100.00%,
291,06260,Esteban Echeverría,localidad_unica,radios_clc_unico,alta,06260010,Esteban Echeverría,100.00%,20,20,0,17714,0,1,06260010,Esteban Echeverría,17714,100.00%,
292,06266,Exaltación De La Cruz,localidad_unica,radios_clc_unico,alta,06266020,Capilla del Señor,100.00%,10,10,0,7991,0,1,06266020,Capilla del Señor,7991,100.00%,
293,06266,Exaltación De La Cruz,multilocalidad_clasificada,mayor_poblacion_radios,alta,06266040,Los Cardales,77.52%,21,18,3,13348,458,3,06266040 | 06266060 | 06266150,Los Cardales | Pavón - Barrio El Remanso - Barrio Los Pinos | Las Vizcachas,10347 | 2915 | 86,77.52% | 21.84% | 0.64%,
294,06266,Exaltación De La Cruz,localidad_unica,radios_clc_unico,alta,06266060,Pavón - Barrio El Remanso - Barrio Los Pinos,100.00%,15,13,2,5667,119,1,06266060,Pavón - Barrio El Remanso - Barrio Los Pinos,5667,100.00%,
295,06266,Exaltación De La Cruz,multilocalidad_clasificada,mayor_poblacion_radios,alta,06266060,Pavón - Barrio El Remanso - Barrio Los Pinos,98.03%,27,23,4,7022,831,2,06266060 | 06266160,Pavón - Barrio El Remanso - Barrio Los Pinos | Torres,6884 | 138,98.03% | 1.97%,
296,06266,Exaltación De La Cruz,localidad_unica,radios_clc_unico,alta,06266020,Capilla del Señor,100.00%,11,5,6,2288,385,1,06266020,Capilla del Señor,2288,100.00%,
297,06266,Exaltación De La Cruz,localidad_unica,radios_clc_unico,alta,06266020,Capilla del Señor,100.00%,7,2,5,912,596,1,06266020,Capilla del Señor,912,100.00%,
298,06266,Exaltación De La Cruz,sin_localidad_mas2000,,,,,,4,0,4,0,419,0,,,,,
302,06274,Florencio Varela,localidad_unica,radios_clc_unico,alta,06274010,Florencio Varela,100.00%,135,135,0,144484,0,1,06274010,Florencio Varela,144484,100.00%,
303,06274,Florencio Varela,localidad_unica,radios_clc_unico,alta,06274010,Florencio Varela,100.00%,3,3,0,2629,0,1,06274010,Florencio Varela,2629,100.00%,
304,06648,Presidente Perón,localidad_unica,radios_clc_unico,alta,06648010,Presidente Perón,100.00%,23,23,0,26699,0,1,06648010,Presidente Perón,26699,100.00%,
305,06280,General Alvarado,localidad_unica,radios_clc_unico,alta,06280040,Miramar,100.00%,101,91,10,34380,446,1,06280040,Miramar,34380,100.00%,
306,06280,General Alvarado,localidad_unica,radios_clc_unico,alta,06280010,Comandante Nicanor Otamendi,100.00%,19,8,11,6991,476,1,06280010,Comandante Nicanor Otamendi,6991,100.00%,
307,06280,General Alvarado,sin_localidad_mas2000,,,,,,19,0,19,0,1745,0,,,,,
308,06280,General Alvarado,sin_localidad_mas2000,,,,,,17,0,17,0,1092,0,,,,,
309,06280,General Alvarado,sin_localidad_mas2000,,,,,,9,0,9,0,177,0,,,,,
310,06287,General Alvear,localidad_unica,radios_clc_unico,alta,06287010,General Alvear,100.00%,25,16,9,9209,398,1,06287010,General Alvear,9209,100.00%,
311,06287,General Alvear,sin_localidad_mas2000,,,,,,1,0,1,0,141,0,,,,,
312,06287,General Alvear,sin_localidad_mas2000,,,,,,3,0,3,0,402,0,,,,,
313,06287,General Alvear,sin_radios,,,,,,0,0,0,0,0,0,,,,,
314,06294,General Arenales,localidad_unica,radios_clc_unico,alta,06294050,General Arenales,100.00%,9,9,0,4938,0,1,06294050,General Arenales,4938,100.00%,
315,06294,General Arenales,sin_localidad_mas2000,,,,,,6,0,6,0,236,0,,,,,
316,06294,General Arenales,localidad_unica,radios_clc_unico,alta,06294020,Ascensión,100.00%,20,10,10,4620,108,1,06294020,Ascensión,4620,100.00%,
317,06294,General Arenales,localidad_unica,radios_clc_unico,alta,06294040,Ferré - La Trinidad,100.00%,9,5,4,2683,33,1,06294040,Ferré - La Trinidad,2683,100.00%,
318,06294,General Arenales,localidad_unica,radios_clc_unico,alta,06294010,Arribeños,100.00%,15,8,7,3081,85,1,06294010,Arribeños,3081,100.00%,
320,06301,General Belgrano,localidad_unica,radios_clc_unico,alta,06301010,General Belgrano,100.00%,37,32,5,19056,423,1,06301010,General Belgrano,19056,100.00%,
321,06301,General Belgrano,sin_localidad_mas2000,,,,,,1,0,1,0,122,0,,,,,
322,06301,General Belgrano,sin_localidad_mas2000,,,,,,3,0,3,0,346,0,,,,,
323,06301,General Belgrano,sin_localidad_mas2000,,,,,,1,0,1,0,112,0,,,,,
324,06301,General Belgrano,sin_localidad_mas2000,,,,,,3,0,3,0,615,0,,,,,
326,06308,General Guido,sin_localidad_mas2000,,,,,,8,0,8,0,1886,0,,,,,
327,06308,General Guido,sin_localidad_mas2000,,,,,,6,0,6,0,1165,0,,,,,
328,06308,General Guido,sin_localidad_mas2000,,,,,,3,0,3,0,106,0,,,,,
330,06322,General La Madrid,localidad_unica,radios_clc_unico,alta,06322010,General La Madrid,100.00%,33,16,17,9400,288,1,06322010,General La Madrid,9400,100.00%,
331,06322,General La Madrid,sin_localidad_mas2000,,,,,,7,0,7,0,109,0,,,,,
332,06322,General La Madrid,sin_localidad_mas2000,,,,,,5,0,5,0,275,0,,,,,
333,06322,General La Madrid,sin_localidad_mas2000,,,,,,7,0,7,0,112,0,,,,,
334,06322,General La Madrid,sin_localidad_mas2000,,,,,,10,0,10,0,742,0,,,,,
335,06322,General La Madrid,sin_localidad_mas2000,,,,,,8,0,8,0,489,0,,,,,
336,06322,General La Madrid,sin_localidad_mas2000,,,,,,3,0,3,0,120,0,,,,,
337,06420,La Costa,localidad_unica,radios_clc_unico,alta,06420030,San Clemente del Tuyú,100.00%,56,52,4,16642,130,1,06420030,San Clemente del Tuyú,16642,100.00%,
338,06336,General Lavalle,localidad_unica,radios_clc_unico,alta,06336020,General Lavalle,100.00%,11,6,5,2445,629,1,06336020,General Lavalle,2445,100.00%,
339,06644,Pinamar,localidad_unica,radios_clc_unico,alta,06644010,Pinamar,100.00%,55,54,1,14300,2,1,06644010,Pinamar,14300,100.00%,
340,06315,General Juan Madariaga,localidad_unica,radios_clc_unico,alta,06315010,General Juan Madariaga,100.00%,19,16,3,14031,220,1,06315010,General Juan Madariaga,14031,100.00%,
341,06315,General Juan Madariaga,sin_localidad_mas2000,,,,,,2,0,2,0,186,0,,,,,
342,06315,General Juan Madariaga,multilocalidad_clasificada,mayor_poblacion_radios,alta,06315010,General Juan Madariaga,98.90%,12,9,3,7513,368,2,06315010 | 06315020,General Juan Madariaga | Divisadero,7430 | 83,98.90% | 1.10%,
343,06315,General Juan Madariaga,sin_localidad_mas2000,,,,,,1,0,1,0,248,0,,,,,
344,06868,Villa Gesell,localidad_unica,radios_clc_unico,alta,06868020,Villa Gesell,100.00%,114,111,3,37295,30,1,06868020,Villa Gesell,37295,100.00%,
345,06343,General Paz,localidad_unica,radios_clc_unico,alta,06343030,Ranchos,100.00%,15,14,1,10621,351,1,06343030,Ranchos,10621,100.00%,
346,06343,General Paz,localidad_unica,radios_clc_unico,alta,06343030,Ranchos,100.00%,3,1,2,53,188,1,06343030,Ranchos,53,100.00%,
347,06343,General Paz,sin_localidad_mas2000,,,,,,2,0,2,0,93,0,,,,,
348,06343,General Paz,sin_localidad_mas2000,,,,,,7,0,7,0,1064,0,,,,,
349,06343,General Paz,sin_localidad_mas2000,,,,,,3,0,3,0,123,0,,,,,
350,06343,General Paz,sin_localidad_mas2000,,,,,,2,0,2,0,184,0,,,,,
351,06343,General Paz,sin_localidad_mas2000,,,,,,6,0,6,0,1362,0,,,,,
352,06343,General Paz,sin_localidad_mas2000,,,,,,1,0,1,0,102,0,,,,,
354,06351,General Pinto,localidad_unica,radios_clc_unico,alta,06351020,General Pinto,100.00%,18,11,7,8002,274,1,06351020,General Pinto,8002,100.00%,
355,06351,General Pinto,sin_localidad_mas2000,,,,,,2,0,2,0,45,0,,,,,
356,06351,General Pinto,sin_localidad_mas2000,,,,,,4,0,4,0,42,0,,,,,
357,06351,General Pinto,sin_localidad_mas2000,,,,,,9,0,9,0,1840,0,,,,,
358,06351,General Pinto,sin_localidad_mas2000,,,,,,4,0,4,0,126,0,,,,,
359,06351,General Pinto,sin_localidad_mas2000,,,,,,8,0,8,0,1617,0,,,,,
360,06351,General Pinto,sin_localidad_mas2000,,,,,,4,0,4,0,896,0,,,,,
361,06277,Florentino Ameghino,localidad_unica,radios_clc_unico,alta,06277020,Florentino Ameghino,100.00%,19,11,8,9099,564,1,06277020,Florentino Ameghino,9099,100.00%,
362,06277,Florentino Ameghino,sin_localidad_mas2000,,,,,,3,0,3,0,839,0,,,,,
364,06357,General Pueyrredón,localidad_unica,radios_clc_unico,alta,06357110,Mar del Plata,100.00%,24,24,0,8835,0,1,06357110,Mar del Plata,8835,100.00%,
365,06357,General Pueyrredón,localidad_unica,radios_clc_unico,alta,06357110,Mar del Plata,100.00%,27,27,0,22834,0,1,06357110,Mar del Plata,22834,100.00%,
366,06357,General Pueyrredón,localidad_unica,radios_clc_unico,alta,06357110,Mar del Plata,100.00%,205,205,0,89877,0,1,06357110,Mar del Plata,89877,100.00%,
367,06357,General Pueyrredón,localidad_unica,radios_clc_unico,alta,06357110,Mar del Plata,100.00%,178,178,0,90809,0,1,06357110,Mar del Plata,90809,100.00%,
368,06357,General Pueyrredón,localidad_unica,radios_clc_unico,alta,06357110,Mar del Plata,100.00%,19,19,0,14256,0,1,06357110,Mar del Plata,14256,100.00%,
369,06357,General Pueyrredón,localidad_unica,radios_clc_unico,alta,06357120,Sierra de los Padres,100.00%,29,20,9,7033,2791,1,06357120,Sierra de los Padres,7033,100.00%,
370,06357,General Pueyrredón,localidad_unica,radios_clc_unico,alta,06357110,Mar del Plata,100.00%,47,47,0,33695,0,1,06357110,Mar del Plata,33695,100.00%,
374,06364,General Rodríguez,localidad_unica,radios_clc_unico,alta,06364030,General Rodríguez,100.00%,189,174,15,141090,1225,1,06364030,General Rodríguez,141090,100.00%,
376,06371,General San Martín,localidad_unica,radios_clc_unico,alta,06371010,General San Martín,100.00%,44,44,0,31515,0,1,06371010,General San Martín,31515,100.00%,
377,06371,General San Martín,localidad_unica,radios_clc_unico,alta,06371010,General San Martín,100.00%,48,48,0,33412,0,1,06371010,General San Martín,33412,100.00%,
378,06371,General San Martín,localidad_unica,radios_clc_unico,alta,06371010,General San Martín,100.00%,39,39,0,36855,0,1,06371010,General San Martín,36855,100.00%,
379,06371,General San Martín,localidad_unica,radios_clc_unico,alta,06371010,General San Martín,100.00%,32,32,0,27891,0,1,06371010,General San Martín,27891,100.00%,
380,06371,General San Martín,localidad_unica,radios_clc_unico,alta,06371010,General San Martín,100.00%,27,27,0,20441,0,1,06371010,General San Martín,20441,100.00%,
381,06371,General San Martín,localidad_unica,radios_clc_unico,alta,06371010,General San Martín,100.00%,76,76,0,70699,0,1,06371010,General San Martín,70699,100.00%,
382,06371,General San Martín,localidad_unica,radios_clc_unico,alta,06371010,General San Martín,100.00%,31,31,0,25995,0,1,06371010,General San Martín,25995,100.00%,
384,06371,General San Martín,localidad_unica,radios_clc_unico,alta,06371010,General San Martín,100.00%,23,23,0,21128,0,1,06371010,General San Martín,21128,100.00%,
389,06840,Tres De Febrero,localidad_unica,radios_clc_unico,alta,06840010,Tres de Febrero,100.00%,22,22,0,14061,0,1,06840010,Tres de Febrero,14061,100.00%,
390,06840,Tres De Febrero,localidad_unica,radios_clc_unico,alta,06840010,Tres de Febrero,100.00%,33,33,0,23055,0,1,06840010,Tres de Febrero,23055,100.00%,
391,06840,Tres De Febrero,localidad_unica,radios_clc_unico,alta,06840010,Tres de Febrero,100.00%,134,134,0,105370,0,1,06840010,Tres de Febrero,105370,100.00%,
392,06840,Tres De Febrero,localidad_unica,radios_clc_unico,alta,06840010,Tres de Febrero,100.00%,16,16,0,14168,0,1,06840010,Tres de Febrero,14168,100.00%,
393,06840,Tres De Febrero,localidad_unica,radios_clc_unico,alta,06840010,Tres de Febrero,100.00%,79,79,0,68993,0,1,06840010,Tres de Febrero,68993,100.00%,
394,06840,Tres De Febrero,localidad_unica,radios_clc_unico,alta,06840010,Tres de Febrero,100.00%,66,66,0,67909,0,1,06840010,Tres de Febrero,67909,100.00%,
395,06840,Tres De Febrero,localidad_unica,radios_clc_unico,alta,06840010,Tres de Febrero,100.00%,58,58,0,53402,0,1,06840010,Tres de Febrero,53402,100.00%,
397,06760,San Miguel,localidad_unica,radios_clc_unico,alta,06760010,San Miguel,100.00%,82,82,0,68129,0,1,06760010,San Miguel,68129,100.00%,
398,06412,José C. Paz,localidad_unica,radios_clc_unico,alta,06412010,José C. Paz,100.00%,107,107,0,118830,0,1,06412010,José C. Paz,118830,100.00%,
399,06515,Malvinas Argentinas,localidad_unica,radios_clc_unico,alta,06515010,Malvinas Argentinas,100.00%,78,78,0,88944,0,1,06515010,Malvinas Argentinas,88944,100.00%,
400,06760,San Miguel,localidad_unica,radios_clc_unico,alta,06760010,San Miguel,100.00%,74,74,0,70474,0,1,06760010,San Miguel,70474,100.00%,
401,06760,San Miguel,localidad_unica,radios_clc_unico,alta,06760010,San Miguel,100.00%,1,1,0,1554,0,1,06760010,San Miguel,1554,100.00%,
402,06760,San Miguel,localidad_unica,radios_clc_unico,alta,06760010,San Miguel,100.00%,40,40,0,49992,0,1,06760010,San Miguel,49992,100.00%,
404,06385,General Viamonte,localidad_unica,radios_clc_unico,alta,06385030,Los Toldos,100.00%,21,19,2,16196,99,1,06385030,Los Toldos,16196,100.00%,
405,06385,General Viamonte,localidad_unica,radios_clc_unico,alta,06385030,Los Toldos,100.00%,3,2,1,1556,342,1,06385030,Los Toldos,1556,100.00%,
406,06385,General Viamonte,sin_localidad_mas2000,,,,,,10,0,10,0,648,0,,,,,
407,06385,General Viamonte,sin_localidad_mas2000,,,,,,3,0,3,0,140,0,,,,,
408,06385,General Viamonte,localidad_unica,radios_clc_unico,alta,06385010,Baigorrita,100.00%,8,4,4,2833,164,1,06385010,Baigorrita,2833,100.00%,
409,06385,General Viamonte,sin_localidad_mas2000,,,,,,4,0,4,0,440,0,,,,,
410,06385,General Viamonte,sin_localidad_mas2000,,,,,,2,0,2,0,112,0,,,,,
411,06392,General Villegas,localidad_unica,radios_clc_unico,alta,06392050,General Villegas,100.00%,36,27,9,22474,353,1,06392050,General Villegas,22474,100.00%,
412,06392,General Villegas,sin_localidad_mas2000,,,,,,5,0,5,0,168,0,,,,,
413,06392,General Villegas,sin_localidad_mas2000,,,,,,6,0,6,0,1593,0,,,,,
414,06392,General Villegas,sin_localidad_mas2000,,,,,,2,0,2,0,466,0,,,,,
415,06392,General Villegas,localidad_unica,radios_clc_unico,alta,06392040,Emilio V. Bunge,100.00%,9,3,6,2502,432,1,06392040,Emilio V. Bunge,2502,100.00%,
416,06392,General Villegas,localidad_unica,radios_clc_unico,alta,06392080,Piedritas,100.00%,8,5,3,2636,263,1,06392080,Piedritas,2636,100.00%,
417,06392,General Villegas,sin_localidad_mas2000,,,,,,11,0,11,0,624,0,,,,,
418,06392,General Villegas,sin_localidad_mas2000,,,,,,6,0,6,0,1564,0,,,,,
419,06392,General Villegas,sin_localidad_mas2000,,,,,,9,0,9,0,1332,0,,,,,
420,06392,General Villegas,sin_localidad_mas2000,,,,,,4,0,4,0,130,0,,,,,
421,06392,General Villegas,sin_localidad_mas2000,,,,,,3,0,3,0,373,0,,,,,
422,06392,General Villegas,sin_localidad_mas2000,,,,,,7,0,7,0,145,0,,,,,
424,06014,Adolfo Gonzales Chaves,localidad_unica,radios_clc_unico,alta,06014010,Adolfo Gonzales Chaves,100.00%,28,16,12,9787,512,1,06014010,Adolfo Gonzales Chaves,9787,100.00%,
427,06014,Adolfo Gonzales Chaves,sin_localidad_mas2000,,,,,,6,0,6,0,2136,0,,,,,
428,06014,Adolfo Gonzales Chaves,sin_localidad_mas2000,,,,,,4,0,4,0,412,0,,,,,
430,06399,Guaminí,localidad_unica,radios_clc_unico,alta,06399040,Guaminí,100.00%,8,6,2,3001,93,1,06399040,Guaminí,3001,100.00%,
431,06399,Guaminí,localidad_unica,radios_clc_unico,alta,06399020,Casbas,100.00%,12,9,3,4888,227,1,06399020,Casbas,4888,100.00%,
432,06399,Guaminí,sin_localidad_mas2000,,,,,,9,0,9,0,2070,0,,,,,
433,06399,Guaminí,sin_localidad_mas2000,,,,,,7,0,7,0,353,0,,,,,
434,06399,Guaminí,sin_localidad_mas2000,,,,,,7,0,7,0,1030,0,,,,,
436,06084,Benito Juárez,localidad_unica,radios_clc_unico,alta,06084020,Benito Juárez,100.00%,21,21,0,15777,0,1,06084020,Benito Juárez,15777,100.00%,
437,06084,Benito Juárez,sin_localidad_mas2000,,,,,,10,0,10,0,759,0,,,,,
438,06084,Benito Juárez,sin_localidad_mas2000,,,,,,2,0,2,0,98,0,,,,,
439,06084,Benito Juárez,localidad_unica,radios_clc_unico,alta,06084050,Villa Cacique - Barker,100.00%,12,6,6,3230,199,1,06084050,Villa Cacique - Barker,3230,100.00%,
440,06084,Benito Juárez,sin_localidad_mas2000,,,,,,4,0,4,0,301,0,,,,,
441,06084,Benito Juárez,sin_localidad_mas2000,,,,,,5,0,5,0,286,0,,,,,
442,06084,Benito Juárez,sin_localidad_mas2000,,,,,,7,0,7,0,535,0,,,,,
444,06413,Junín,localidad_unica,radios_clc_unico,alta,06413050,Junín,100.00%,109,109,0,79970,0,1,06413050,Junín,79970,100.00%,
445,06413,Junín,localidad_unica,radios_clc_unico,alta,06413050,Junín,100.00%,16,13,3,7119,140,1,06413050,Junín,7119,100.00%,
446,06413,Junín,localidad_unica,radios_clc_unico,alta,06413050,Junín,100.00%,19,13,6,4621,1051,1,06413050,Junín,4621,100.00%,
447,06413,Junín,localidad_unica,radios_clc_unico,alta,06413050,Junín,100.00%,14,10,4,3085,131,1,06413050,Junín,3085,100.00%,
448,06413,Junín,localidad_unica,radios_clc_unico,alta,06413050,Junín,100.00%,3,2,1,590,191,1,06413050,Junín,590,100.00%,
449,06413,Junín,sin_localidad_mas2000,,,,,,3,0,3,0,116,0,,,,,
450,06413,Junín,sin_localidad_mas2000,,,,,,7,0,7,0,843,0,,,,,
451,06413,Junín,sin_localidad_mas2000,,,,,,6,0,6,0,1624,0,,,,,
452,06413,Junín,sin_localidad_mas2000,,,,,,4,0,4,0,484,0,,,,,
453,06413,Junín,sin_localidad_mas2000,,,,,,1,0,1,0,66,0,,,,,
454,06413,Junín,sin_localidad_mas2000,,,,,,4,0,4,0,133,0,,,,,
455,06413,Junín,sin_localidad_mas2000,,,,,,2,0,2,0,72,0,,,,,
456,06413,Junín,sin_localidad_mas2000,,,,,,4,0,4,0,728,0,,,,,
460,06441,La Plata,localidad_unica,radios_clc_unico,alta,06441030,La Plata,100.00%,8,8,0,3143,0,1,06441030,La Plata,3143,100.00%,
461,06441,La Plata,localidad_unica,radios_clc_unico,alta,06441030,La Plata,100.00%,5,5,0,2054,0,1,06441030,La Plata,2054,100.00%,
462,06441,La Plata,localidad_unica,radios_clc_unico,alta,06441030,La Plata,100.00%,6,6,0,2449,0,1,06441030,La Plata,2449,100.00%,
463,06441,La Plata,localidad_unica,radios_clc_unico,alta,06441030,La Plata,100.00%,5,5,0,2949,0,1,06441030,La Plata,2949,100.00%,
464,06441,La Plata,localidad_unica,radios_clc_unico,alta,06441030,La Plata,100.00%,6,6,0,2867,0,1,06441030,La Plata,2867,100.00%,
465,06441,La Plata,localidad_unica,radios_clc_unico,alta,06441030,La Plata,100.00%,7,7,0,2967,0,1,06441030,La Plata,2967,100.00%,
466,06441,La Plata,localidad_unica,radios_clc_unico,alta,06441030,La Plata,100.00%,10,10,0,2816,0,1,06441030,La Plata,2816,100.00%,
467,06441,La Plata,localidad_unica,radios_clc_unico,alta,06441030,La Plata,100.00%,7,7,0,2768,0,1,06441030,La Plata,2768,100.00%,
468,06441,La Plata,localidad_unica,radios_clc_unico,alta,06441030,La Plata,100.00%,9,9,0,3913,0,1,06441030,La Plata,3913,100.00%,
469,06441,La Plata,localidad_unica,radios_clc_unico,alta,06441030,La Plata,100.00%,8,8,0,4472,0,1,06441030,La Plata,4472,100.00%,
471,06441,La Plata,localidad_unica,radios_clc_unico,alta,06441030,La Plata,100.00%,2,2,0,1199,0,1,06441030,La Plata,1199,100.00%,
472,06441,La Plata,localidad_unica,radios_clc_unico,alta,06441030,La Plata,100.00%,4,4,0,2443,0,1,06441030,La Plata,2443,100.00%,
473,06441,La Plata,localidad_unica,radios_clc_unico,alta,06441030,La Plata,100.00%,12,12,0,5658,0,1,06441030,La Plata,5658,100.00%,
474,06441,La Plata,localidad_unica,radios_clc_unico,alta,06441030,La Plata,100.00%,13,13,0,7030,0,1,06441030,La Plata,7030,100.00%,
475,06441,La Plata,localidad_unica,radios_clc_unico,alta,06441030,La Plata,100.00%,41,41,0,23699,0,1,06441030,La Plata,23699,100.00%,
476,06441,La Plata,localidad_unica,radios_clc_unico,alta,06441030,La Plata,100.00%,6,6,0,2949,0,1,06441030,La Plata,2949,100.00%,
477,06441,La Plata,localidad_unica,radios_clc_unico,alta,06441030,La Plata,100.00%,11,11,0,8171,0,1,06441030,La Plata,8171,100.00%,
480,06441,La Plata,localidad_unica,radios_clc_unico,alta,06441030,La Plata,100.00%,10,10,0,4020,0,1,06441030,La Plata,4020,100.00%,
481,06441,La Plata,localidad_unica,radios_clc_unico,alta,06441030,La Plata,100.00%,11,11,0,5032,0,1,06441030,La Plata,5032,100.00%,
482,06441,La Plata,localidad_unica,radios_clc_unico,alta,06441030,La Plata,100.00%,6,6,0,3539,0,1,06441030,La Plata,3539,100.00%,
483,06441,La Plata,localidad_unica,radios_clc_unico,alta,06441030,La Plata,100.00%,8,8,0,4263,0,1,06441030,La Plata,4263,100.00%,
484,06441,La Plata,localidad_unica,radios_clc_unico,alta,06441030,La Plata,100.00%,8,8,0,4544,0,1,06441030,La Plata,4544,100.00%,
485,06441,La Plata,localidad_unica,radios_clc_unico,alta,06441030,La Plata,100.00%,7,7,0,3574,0,1,06441030,La Plata,3574,100.00%,
486,06441,La Plata,localidad_unica,radios_clc_unico,alta,06441030,La Plata,100.00%,6,6,0,3406,0,1,06441030,La Plata,3406,100.00%,
487,06441,La Plata,localidad_unica,radios_clc_unico,alta,06441030,La Plata,100.00%,5,5,0,2546,0,1,06441030,La Plata,2546,100.00%,
488,06441,La Plata,localidad_unica,radios_clc_unico,alta,06441030,La Plata,100.00%,8,8,0,4486,0,1,06441030,La Plata,4486,100.00%,
490,06245,Ensenada,localidad_unica,radios_clc_unico,alta,06245010,Ensenada,100.00%,13,13,0,12657,0,1,06245010,Ensenada,12657,100.00%,
491,06245,Ensenada,localidad_unica,radios_clc_unico,alta,06245010,Ensenada,100.00%,46,46,0,36104,0,1,06245010,Ensenada,36104,100.00%,
492,06245,Ensenada,localidad_unica,radios_clc_unico,alta,06245010,Ensenada,100.00%,2,2,0,1141,0,1,06245010,Ensenada,1141,100.00%,
493,06441,La Plata,sin_localidad_mas2000,,,,,,1,0,1,0,109,0,,,,,
495,06441,La Plata,localidad_unica,radios_clc_unico,alta,06441030,La Plata,100.00%,50,50,0,30322,0,1,06441030,La Plata,30322,100.00%,
496,06441,La Plata,localidad_unica,radios_clc_unico,alta,06441030,La Plata,100.00%,41,41,0,33417,0,1,06441030,La Plata,33417,100.00%,
497,06441,La Plata,localidad_unica,radios_clc_unico,alta,06441030,La Plata,100.00%,22,22,0,15401,0,1,06441030,La Plata,15401,100.00%,
498,06441,La Plata,localidad_unica,radios_clc_unico,alta,06441030,La Plata,100.00%,9,8,1,1863,157,1,06441030,La Plata,1863,100.00%,
501,06441,La Plata,localidad_unica,radios_clc_unico,alta,06441030,La Plata,100.00%,78,78,0,56487,0,1,06441030,La Plata,56487,100.00%,
502,06441,La Plata,localidad_unica,radios_clc_unico,alta,06441030,La Plata,100.00%,69,69,0,49787,0,1,06441030,La Plata,49787,100.00%,
503,06441,La Plata,localidad_unica,radios_clc_unico,alta,06441030,La Plata,100.00%,14,14,0,10593,0,1,06441030,La Plata,10593,100.00%,
504,06441,La Plata,localidad_unica,radios_clc_unico,alta,06441030,La Plata,100.00%,50,50,0,41451,0,1,06441030,La Plata,41451,100.00%,
505,06441,La Plata,localidad_unica,radios_clc_unico,alta,06441030,La Plata,100.00%,24,24,0,16582,0,1,06441030,La Plata,16582,100.00%,
508,06441,La Plata,localidad_unica,radios_clc_unico,alta,06441030,La Plata,100.00%,14,14,0,15828,0,1,06441030,La Plata,15828,100.00%,
509,06441,La Plata,localidad_unica,radios_clc_unico,alta,06441030,La Plata,100.00%,12,12,0,10288,0,1,06441030,La Plata,10288,100.00%,
511,06098,Berisso,localidad_unica,radios_clc_unico,alta,06098010,Berisso,100.00%,15,13,2,9428,470,1,06098010,Berisso,9428,100.00%,
512,06098,Berisso,localidad_unica,radios_clc_unico,alta,06098010,Berisso,100.00%,33,31,2,25996,272,1,06098010,Berisso,25996,100.00%,
513,06098,Berisso,localidad_unica,radios_clc_unico,alta,06098010,Berisso,100.00%,42,42,0,42013,0,1,06098010,Berisso,42013,100.00%,
516,06441,La Plata,localidad_unica,radios_clc_unico,alta,06441030,La Plata,100.00%,12,12,0,5317,0,1,06441030,La Plata,5317,100.00%,
517,06441,La Plata,localidad_unica,radios_clc_unico,alta,06441030,La Plata,100.00%,15,15,0,6891,0,1,06441030,La Plata,6891,100.00%,
518,06441,La Plata,localidad_unica,radios_clc_unico,alta,06441030,La Plata,100.00%,11,11,0,5859,0,1,06441030,La Plata,5859,100.00%,
519,06441,La Plata,localidad_unica,radios_clc_unico,alta,06441030,La Plata,100.00%,15,15,0,9511,0,1,06441030,La Plata,9511,100.00%,
520,06441,La Plata,localidad_unica,radios_clc_unico,alta,06441030,La Plata,100.00%,16,16,0,10594,0,1,06441030,La Plata,10594,100.00%,
521,06441,La Plata,localidad_unica,radios_clc_unico,alta,06441030,La Plata,100.00%,9,9,0,5343,0,1,06441030,La Plata,5343,100.00%,
524,06448,Laprida,localidad_unica,radios_clc_unico,alta,06448010,Laprida,100.00%,18,13,5,9320,315,1,06448010,Laprida,9320,100.00%,
525,06448,Laprida,sin_localidad_mas2000,,,,,,14,0,14,0,259,0,,,,,
526,06448,Laprida,sin_localidad_mas2000,,,,,,10,0,10,0,196,0,,,,,
527,06448,Laprida,sin_localidad_mas2000,,,,,,9,0,9,0,188,0,,,,,
528,06448,Laprida,sin_localidad_mas2000,,,,,,7,0,7,0,1218,0,,,,,
530,06805,Tigre,localidad_unica,radios_clc_unico,alta,06805010,Tigre,100.00%,84,84,0,86027,0,1,06805010,Tigre,86027,100.00%,
533,06805,Tigre,sin_localidad_mas2000,,,,,,31,0,31,0,7224,0,,,,,
534,06805,Tigre,localidad_unica,radios_clc_unico,alta,06805010,Tigre,100.00%,85,85,0,89034,0,1,06805010,Tigre,89034,100.00%,
535,06805,Tigre,localidad_unica,radios_clc_unico,alta,06805010,Tigre,100.00%,59,59,0,57183,0,1,06805010,Tigre,57183,100.00%,
536,06805,Tigre,localidad_unica,radios_clc_unico,alta,06805010,Tigre,100.00%,32,32,0,37716,0,1,06805010,Tigre,37716,100.00%,
538,06455,Las Flores,localidad_unica,radios_clc_unico,alta,06455030,Las Flores,100.00%,42,36,6,25075,600,1,06455030,Las Flores,25075,100.00%,
539,06455,Las Flores,sin_localidad_mas2000,,,,,,2,0,2,0,207,0,,,,,
540,06455,Las Flores,sin_localidad_mas2000,,,,,,2,0,2,0,197,0,,,,,
541,06455,Las Flores,sin_localidad_mas2000,,,,,,2,0,2,0,176,0,,,,,
542,06455,Las Flores,sin_localidad_mas2000,,,,,,2,0,2,0,155,0,,,,,
543,06455,Las Flores,sin_localidad_mas2000,,,,,,2,0,2,0,401,0,,,,,
544,06455,Las Flores,sin_localidad_mas2000,,,,,,1,0,1,0,88,0,,,,,
545,06455,Las Flores,sin_localidad_mas2000,,,,,,4,0,4,0,237,0,,,,,
547,06329,General Las Heras,localidad_unica,radios_clc_unico,alta,06329020,General Las Heras,100.00%,32,18,14,14155,3197,1,06329020,General Las Heras,14155,100.00%,
548,06329,General Las Heras,sin_radios,,,,,,0,0,0,0,0,0,,,,,
549,06462,Leandro N. Alem,localidad_unica,radios_clc_unico,alta,06462060,Vedia,100.00%,8,5,3,4649,125,1,06462060,Vedia,4649,100.00%,
550,06462,Leandro N. Alem,sin_localidad_mas2000,,,,,,4,0,4,0,169,0,,,,,
551,06462,Leandro N. Alem,localidad_unica,radios_clc_unico,alta,06462050,Leandro N. Alem,100.00%,11,6,5,2510,122,1,06462050,Leandro N. Alem,2510,100.00%,
552,06462,Leandro N. Alem,multilocalidad_clasificada,mayor_poblacion_radios,media,06462040,Juan Bautista Alberdi,62.23%,19,9,10,5610,591,2,06462040 | 06462060,Juan Bautista Alberdi | Vedia,3491 | 2119,62.23% | 37.77%,
553,06462,Leandro N. Alem,localidad_unica,radios_clc_unico,alta,06462060,Vedia,100.00%,13,4,9,2827,550,1,06462060,Vedia,2827,100.00%,
554,06469,Lincoln,localidad_unica,radios_clc_unico,alta,06469080,Lincoln,100.00%,34,34,0,23173,0,1,06469080,Lincoln,23173,100.00%,
555,06469,Lincoln,localidad_unica,radios_clc_unico,alta,06469080,Lincoln,100.00%,2,2,0,1684,0,1,06469080,Lincoln,1684,100.00%,
556,06469,Lincoln,localidad_unica,radios_clc_unico,alta,06469080,Lincoln,100.00%,9,5,4,2279,349,1,06469080,Lincoln,2279,100.00%,
557,06469,Lincoln,localidad_unica,radios_clc_unico,alta,06469080,Lincoln,100.00%,5,4,1,2503,30,1,06469080,Lincoln,2503,100.00%,
558,06469,Lincoln,localidad_unica,radios_clc_unico,alta,06469080,Lincoln,100.00%,7,6,1,3134,309,1,06469080,Lincoln,3134,100.00%,
559,06469,Lincoln,sin_localidad_mas2000,,,,,,11,0,11,0,756,0,,,,,
560,06469,Lincoln,sin_localidad_mas2000,,,,,,5,0,5,0,200,0,,,,,
561,06469,Lincoln,sin_localidad_mas2000,,,,,,7,0,7,0,1877,0,,,,,
562,06469,Lincoln,localidad_unica,radios_clc_unico,alta,06469100,Roberts,100.00%,14,6,8,2532,304,1,06469100,Roberts,2532,100.00%,
563,06469,Lincoln,sin_localidad_mas2000,,,,,,10,0,10,0,1804,0,,,,,
564,06469,Lincoln,sin_localidad_mas2000,,,,,,12,0,12,0,1243,0,,,,,
565,06469,Lincoln,sin_localidad_mas2000,,,,,,7,0,7,0,370,0,,,,,
566,06469,Lincoln,sin_localidad_mas2000,,,,,,10,0,10,0,2066,0,,,,,
567,06469,Lincoln,sin_localidad_mas2000,,,,,,2,0,2,0,90,0,,,,,
568,06476,Lobería,localidad_unica,radios_clc_unico,alta,06476030,Lobería,100.00%,23,20,3,14215,137,1,06476030,Lobería,14215,100.00%,
569,06476,Lobería,sin_localidad_mas2000,,,,,,8,0,8,0,241,0,,,,,
570,06476,Lobería,sin_localidad_mas2000,,,,,,11,0,11,0,390,0,,,,,
571,06476,Lobería,sin_localidad_mas2000,,,,,,9,0,9,0,302,0,,,,,
572,06476,Lobería,sin_localidad_mas2000,,,,,,17,0,17,0,2051,0,,,,,
574,06483,Lobos,localidad_unica,radios_clc_unico,alta,06483040,Lobos,100.00%,20,20,0,13550,0,1,06483040,Lobos,13550,100.00%,
575,06483,Lobos,localidad_unica,radios_clc_unico,alta,06483040,Lobos,100.00%,25,24,1,19103,329,1,06483040,Lobos,19103,100.00%,
576,06483,Lobos,localidad_unica,radios_clc_unico,alta,06483040,Lobos,100.00%,7,2,5,1711,436,1,06483040,Lobos,1711,100.00%,
577,06483,Lobos,sin_localidad_mas2000,,,,,,6,0,6,0,753,0,,,,,
578,06483,Lobos,sin_localidad_mas2000,,,,,,6,0,6,0,1279,0,,,,,
579,06483,Lobos,sin_localidad_mas2000,,,,,,11,0,11,0,1466,0,,,,,
580,06483,Lobos,sin_localidad_mas2000,,,,,,2,0,2,0,210,0,,,,,
581,06483,Lobos,localidad_unica,radios_clc_unico,alta,06483040,Lobos,100.00%,9,2,7,580,974,1,06483040,Lobos,580,100.00%,
583,06490,Lomas De Zamora,localidad_unica,radios_clc_unico,alta,06490010,Lomas de Zamora,100.00%,59,59,0,60430,0,1,06490010,Lomas de Zamora,60430,100.00%,
584,06490,Lomas De Zamora,localidad_unica,radios_clc_unico,alta,06490010,Lomas de Zamora,100.00%,30,30,0,23691,0,1,06490010,Lomas de Zamora,23691,100.00%,
585,06490,Lomas De Zamora,localidad_unica,radios_clc_unico,alta,06490010,Lomas de Zamora,100.00%,27,27,0,14637,0,1,06490010,Lomas de Zamora,14637,100.00%,
586,06490,Lomas De Zamora,localidad_unica,radios_clc_unico,alta,06490010,Lomas de Zamora,100.00%,30,30,0,20202,0,1,06490010,Lomas de Zamora,20202,100.00%,
587,06490,Lomas De Zamora,localidad_unica,radios_clc_unico,alta,06490010,Lomas de Zamora,100.00%,120,120,0,120964,0,1,06490010,Lomas de Zamora,120964,100.00%,
588,06490,Lomas De Zamora,localidad_unica,radios_clc_unico,alta,06490010,Lomas de Zamora,100.00%,17,17,0,13592,0,1,06490010,Lomas de Zamora,13592,100.00%,
589,06490,Lomas De Zamora,localidad_unica,radios_clc_unico,alta,06490010,Lomas de Zamora,100.00%,29,29,0,25281,0,1,06490010,Lomas de Zamora,25281,100.00%,
590,06490,Lomas De Zamora,localidad_unica,radios_clc_unico,alta,06490010,Lomas de Zamora,100.00%,56,56,0,43059,0,1,06490010,Lomas de Zamora,43059,100.00%,
591,06490,Lomas De Zamora,localidad_unica,radios_clc_unico,alta,06490010,Lomas de Zamora,100.00%,24,24,0,16840,0,1,06490010,Lomas de Zamora,16840,100.00%,
592,06490,Lomas De Zamora,localidad_unica,radios_clc_unico,alta,06490010,Lomas de Zamora,100.00%,13,13,0,9339,0,1,06490010,Lomas de Zamora,9339,100.00%,
593,06490,Lomas De Zamora,localidad_unica,radios_clc_unico,alta,06490010,Lomas de Zamora,100.00%,29,29,0,26485,0,1,06490010,Lomas de Zamora,26485,100.00%,
596,06497,Luján,localidad_unica,radios_clc_unico,alta,06497060,Luján,100.00%,44,44,0,28093,0,1,06497060,Luján,28093,100.00%,
597,06497,Luján,multilocalidad_clasificada,mayor_poblacion_radios,alta,06497060,Luján,96.12%,35,31,4,18289,155,2,06497060 | 06497025,Luján | Club de Campo Los Puentes,17579 | 710,96.12% | 3.88%,
598,06497,Luján,localidad_unica,radios_clc_unico,alta,06497060,Luján,100.00%,32,26,6,20665,419,1,06497060,Luján,20665,100.00%,
599,06497,Luján,localidad_unica,radios_clc_unico,alta,06497060,Luján,100.00%,35,28,7,19307,747,1,06497060,Luján,19307,100.00%,
600,06497,Luján,multilocalidad_clasificada,mayor_poblacion_radios,alta,06497060,Luján,75.59%,19,16,3,10101,431,2,06497060 | 06497090,Luján | Torres,7635 | 2466,75.59% | 24.41%,
601,06497,Luján,sin_localidad_mas2000,,,,,,10,0,10,0,1182,0,,,,,
602,06497,Luján,localidad_unica,radios_clc_unico,alta,06497060,Luján,100.00%,18,13,5,7262,232,1,06497060,Luján,7262,100.00%,
603,06497,Luján,localidad_unica,radios_clc_unico,alta,06497070,Olivera,100.00%,10,3,7,2749,479,1,06497070,Olivera,2749,100.00%,
604,06505,Magdalena,localidad_unica,radios_clc_unico,alta,06505020,Bartolomé Bavio,100.00%,13,4,9,2558,1060,1,06505020,Bartolomé Bavio,2558,100.00%,
605,06505,Magdalena,sin_localidad_mas2000,,,,,,4,0,4,0,1561,0,,,,,
606,06505,Magdalena,localidad_unica,radios_clc_unico,alta,06505040,Magdalena,100.00%,27,22,5,15338,748,1,06505040,Magdalena,15338,100.00%,
607,06505,Magdalena,sin_localidad_mas2000,,,,,,1,0,1,0,53,0,,,,,
608,06505,Magdalena,sin_localidad_mas2000,,,,,,2,0,2,0,164,0,,,,,
609,06505,Magdalena,sin_localidad_mas2000,,,,,,3,0,3,0,545,0,,,,,
610,06505,Magdalena,sin_localidad_mas2000,,,,,,5,0,5,0,626,0,,,,,
611,06655,Punta Indio,sin_localidad_mas2000,,,,,,3,0,3,0,156,0,,,,,
612,06655,Punta Indio,sin_localidad_mas2000,,,,,,3,0,3,0,277,0,,,,,
613,06655,Punta Indio,localidad_unica,radios_clc_unico,alta,06655050,Verónica,100.00%,18,12,6,8541,711,1,06655050,Verónica,8541,100.00%,
615,06511,Maipú,localidad_unica,radios_clc_unico,alta,06511020,Maipú,100.00%,17,13,4,9966,133,1,06511020,Maipú,9966,100.00%,
616,06511,Maipú,sin_localidad_mas2000,,,,,,5,0,5,0,750,0,,,,,
617,06511,Maipú,sin_localidad_mas2000,,,,,,4,0,4,0,196,0,,,,,
619,06518,Mar Chiquita,localidad_unica,radios_clc_unico,alta,06518010,Coronel Vidal,100.00%,17,11,6,7575,705,1,06518010,Coronel Vidal,7575,100.00%,
620,06518,Mar Chiquita,localidad_unica,radios_clc_unico,alta,06518020,General Pirán,100.00%,15,7,8,3211,224,1,06518020,General Pirán,3211,100.00%,
621,06518,Mar Chiquita,sin_localidad_mas2000,,,,,,6,0,6,0,207,0,,,,,
622,06518,Mar Chiquita,localidad_unica,radios_clc_unico,alta,06518060,Santa Clara del Mar,100.00%,22,6,16,3049,1864,1,06518060,Santa Clara del Mar,3049,100.00%,
624,06525,Marcos Paz,localidad_unica,radios_clc_unico,alta,06525020,Marcos Paz,100.00%,81,70,11,61494,1058,1,06525020,Marcos Paz,61494,100.00%,
626,06427,La Matanza,localidad_unica,radios_clc_unico,alta,06427010,La Matanza,100.00%,92,92,0,69572,0,1,06427010,La Matanza,69572,100.00%,
627,06427,La Matanza,localidad_unica,radios_clc_unico,alta,06427010,La Matanza,100.00%,30,30,0,29738,0,1,06427010,La Matanza,29738,100.00%,
628,06427,La Matanza,localidad_unica,radios_clc_unico,alta,06427010,La Matanza,100.00%,99,99,0,68559,0,1,06427010,La Matanza,68559,100.00%,
629,06427,La Matanza,localidad_unica,radios_clc_unico,alta,06427010,La Matanza,100.00%,38,38,0,45056,0,1,06427010,La Matanza,45056,100.00%,
62A,06049,Azul,sin_localidad_mas2000,,,,,,2,0,2,0,161,0,,,,,
62B,06049,Azul,sin_localidad_mas2000,,,,,,2,0,2,0,344,0,,,,,
630,06427,La Matanza,localidad_unica,radios_clc_unico,alta,06427010,La Matanza,100.00%,72,72,0,56240,0,1,06427010,La Matanza,56240,100.00%,
631,06427,La Matanza,localidad_unica,radios_clc_unico,alta,06427010,La Matanza,100.00%,37,37,0,46156,0,1,06427010,La Matanza,46156,100.00%,
632,06427,La Matanza,localidad_unica,radios_clc_unico,alta,06427010,La Matanza,100.00%,17,17,0,14783,0,1,06427010,La Matanza,14783,100.00%,
633,06427,La Matanza,localidad_unica,radios_clc_unico,alta,06427010,La Matanza,100.00%,167,167,0,150256,0,1,06427010,La Matanza,150256,100.00%,
634,06427,La Matanza,localidad_unica,radios_clc_unico,alta,06427010,La Matanza,100.00%,52,52,0,49042,0,1,06427010,La Matanza,49042,100.00%,
635,06427,La Matanza,localidad_unica,radios_clc_unico,alta,06427010,La Matanza,100.00%,151,151,0,212427,0,1,06427010,La Matanza,212427,100.00%,
638,06532,Mercedes,localidad_unica,radios_clc_unico,alta,06532020,Mercedes,100.00%,30,30,0,22278,0,1,06532020,Mercedes,22278,100.00%,
639,06532,Mercedes,localidad_unica,radios_clc_unico,alta,06532020,Mercedes,100.00%,8,8,0,8432,0,1,06532020,Mercedes,8432,100.00%,
640,06532,Mercedes,localidad_unica,radios_clc_unico,alta,06532020,Mercedes,100.00%,14,14,0,11688,0,1,06532020,Mercedes,11688,100.00%,
641,06532,Mercedes,localidad_unica,radios_clc_unico,alta,06532020,Mercedes,100.00%,13,11,2,5292,394,1,06532020,Mercedes,5292,100.00%,
642,06532,Mercedes,localidad_unica,radios_clc_unico,alta,06532020,Mercedes,100.00%,21,20,1,16337,59,1,06532020,Mercedes,16337,100.00%,
643,06532,Mercedes,localidad_unica,radios_clc_unico,alta,06532020,Mercedes,100.00%,9,4,5,3064,428,1,06532020,Mercedes,3064,100.00%,
644,06532,Mercedes,sin_localidad_mas2000,,,,,,9,0,9,0,1100,0,,,,,
645,06532,Mercedes,sin_localidad_mas2000,,,,,,7,0,7,0,751,0,,,,,
646,06532,Mercedes,localidad_unica,radios_clc_unico,alta,06532020,Mercedes,100.00%,11,1,10,161,587,1,06532020,Mercedes,161,100.00%,
647,06532,Mercedes,sin_localidad_mas2000,,,,,,1,0,1,0,135,0,,,,,
648,06532,Mercedes,sin_localidad_mas2000,,,,,,3,0,3,0,296,0,,,,,
652,06539,Merlo,localidad_unica,radios_clc_unico,alta,06539010,Merlo,100.00%,91,91,0,82614,0,1,06539010,Merlo,82614,100.00%,
653,06539,Merlo,localidad_unica,radios_clc_unico,alta,06539010,Merlo,100.00%,79,79,0,91201,0,1,06539010,Merlo,91201,100.00%,
654,06539,Merlo,localidad_unica,radios_clc_unico,alta,06539010,Merlo,100.00%,47,47,0,50636,0,1,06539010,Merlo,50636,100.00%,
655,06539,Merlo,localidad_unica,radios_clc_unico,alta,06539010,Merlo,100.00%,69,69,0,59884,0,1,06539010,Merlo,59884,100.00%,
656,06547,Monte,localidad_unica,radios_clc_unico,alta,06547020,San Miguel del Monte,100.00%,39,32,7,21794,666,1,06547020,San Miguel del Monte,21794,100.00%,
657,06547,Monte,sin_localidad_mas2000,,,,,,6,0,6,0,287,0,,,,,
658,06547,Monte,sin_localidad_mas2000,,,,,,2,0,2,0,147,0,,,,,
659,06547,Monte,sin_localidad_mas2000,,,,,,3,0,3,0,216,0,,,,,
660,06547,Monte,sin_localidad_mas2000,,,,,,3,0,3,0,387,0,,,,,
661,06547,Monte,sin_localidad_mas2000,,,,,,4,0,4,0,868,0,,,,,
662,06547,Monte,sin_localidad_mas2000,,,,,,2,0,2,0,251,0,,,,,
663,06560,Moreno,localidad_unica,radios_clc_unico,alta,06560010,Moreno,100.00%,64,64,0,51985,0,1,06560010,Moreno,51985,100.00%,
664,06560,Moreno,localidad_unica,radios_clc_unico,alta,06560010,Moreno,100.00%,60,60,0,47510,0,1,06560010,Moreno,47510,100.00%,
665,06568,Morón,localidad_unica,radios_clc_unico,alta,06568010,Morón,100.00%,136,136,0,108078,0,1,06568010,Morón,108078,100.00%,
666,06410,Ituzaingó,localidad_unica,radios_clc_unico,alta,06410010,Ituzaingó,100.00%,71,71,0,70621,0,1,06410010,Ituzaingó,70621,100.00%,
667,06410,Ituzaingó,localidad_unica,radios_clc_unico,alta,06410010,Ituzaingó,100.00%,77,77,0,61633,0,1,06410010,Ituzaingó,61633,100.00%,
668,06408,Hurlingham,localidad_unica,radios_clc_unico,alta,06408010,Hurlingham,100.00%,58,58,0,49127,0,1,06408010,Hurlingham,49127,100.00%,
669,06568,Morón,localidad_unica,radios_clc_unico,alta,06568010,Morón,100.00%,60,60,0,42417,0,1,06568010,Morón,42417,100.00%,
670,06568,Morón,localidad_unica,radios_clc_unico,alta,06568010,Morón,100.00%,23,23,0,15569,0,1,06568010,Morón,15569,100.00%,
671,06568,Morón,localidad_unica,radios_clc_unico,alta,06568010,Morón,100.00%,67,67,0,59232,0,1,06568010,Morón,59232,100.00%,
672,06568,Morón,localidad_unica,radios_clc_unico,alta,06568010,Morón,100.00%,73,73,0,51903,0,1,06568010,Morón,51903,100.00%,
673,06568,Morón,localidad_unica,radios_clc_unico,alta,06568010,Morón,100.00%,53,53,0,52318,0,1,06568010,Morón,52318,100.00%,
675,06574,Navarro,localidad_unica,radios_clc_unico,alta,06574030,Navarro,100.00%,18,18,0,16047,0,1,06574030,Navarro,16047,100.00%,
676,06574,Navarro,sin_localidad_mas2000,,,,,,4,0,4,0,424,0,,,,,
677,06574,Navarro,sin_localidad_mas2000,,,,,,2,0,2,0,125,0,,,,,
678,06574,Navarro,localidad_unica,radios_clc_unico,alta,06574030,Navarro,100.00%,5,1,4,602,364,1,06574030,Navarro,602,100.00%,
679,06574,Navarro,sin_localidad_mas2000,,,,,,2,0,2,0,95,0,,,,,
680,06574,Navarro,sin_localidad_mas2000,,,,,,2,0,2,0,131,0,,,,,
681,06574,Navarro,sin_localidad_mas2000,,,,,,6,0,6,0,785,0,,,,,
682,06574,Navarro,sin_localidad_mas2000,,,,,,3,0,3,0,195,0,,,,,
683,06574,Navarro,sin_localidad_mas2000,,,,,,5,0,5,0,790,0,,,,,
686,06581,Necochea,localidad_unica,radios_clc_unico,alta,06581040,Necochea ? Quequén,100.00%,145,127,18,74660,485,1,06581040,Necochea ? Quequén,74660,100.00%,
687,06581,Necochea,localidad_unica,radios_clc_unico,alta,06581050,Nicanor Olivera,100.00%,21,6,15,2087,218,1,06581050,Nicanor Olivera,2087,100.00%,
688,06581,Necochea,sin_localidad_mas2000,,,,,,9,0,9,0,607,0,,,,,
689,06581,Necochea,sin_localidad_mas2000,,,,,,1,0,1,0,12,0,,,,,
691,06581,Necochea,localidad_unica,radios_clc_unico,alta,06581030,Juan N. Fernández,100.00%,13,7,6,2821,272,1,06581030,Juan N. Fernández,2821,100.00%,
692,06581,Necochea,sin_localidad_mas2000,,,,,,7,0,7,0,844,0,,,,,
696,06588,9 De Julio,localidad_unica,radios_clc_unico,alta,06588100,9 de Julio,100.00%,58,56,2,41572,453,1,06588100,9 de Julio,41572,100.00%,
697,06588,9 De Julio,sin_localidad_mas2000,,,,,,3,0,3,0,224,0,,,,,
698,06588,9 De Julio,sin_localidad_mas2000,,,,,,3,0,3,0,902,0,,,,,
699,06588,9 De Julio,sin_localidad_mas2000,,,,,,10,0,10,0,1087,0,,,,,
700,06588,9 De Julio,sin_localidad_mas2000,,,,,,5,0,5,0,689,0,,,,,
701,06588,9 De Julio,sin_localidad_mas2000,,,,,,3,0,3,0,539,0,,,,,
703,06588,9 De Julio,sin_localidad_mas2000,,,,,,10,0,10,0,2068,0,,,,,
704,06588,9 De Julio,sin_localidad_mas2000,,,,,,1,0,1,0,123,0,,,,,
705,06588,9 De Julio,sin_localidad_mas2000,,,,,,2,0,2,0,65,0,,,,,
706,06588,9 De Julio,localidad_unica,radios_clc_unico,alta,06588040,Dudignac,100.00%,10,4,6,2924,71,1,06588040,Dudignac,2924,100.00%,
707,06588,9 De Julio,sin_localidad_mas2000,,,,,,4,0,4,0,383,0,,,,,
708,06588,9 De Julio,sin_localidad_mas2000,,,,,,3,0,3,0,142,0,,,,,
709,06588,9 De Julio,sin_localidad_mas2000,,,,,,4,0,4,0,358,0,,,,,
711,06595,Olavarría,localidad_unica,radios_clc_unico,alta,06595070,Olavarría,100.00%,21,21,0,13541,0,1,06595070,Olavarría,13541,100.00%,
712,06595,Olavarría,localidad_unica,radios_clc_unico,alta,06595070,Olavarría,100.00%,4,1,3,251,551,1,06595070,Olavarría,251,100.00%,
713,06595,Olavarría,sin_localidad_mas2000,,,,,,1,0,1,0,74,0,,,,,
714,06595,Olavarría,multilocalidad_clasificada,mayor_poblacion_radios,alta,06595070,Olavarría,91.58%,14,11,3,4525,219,2,06595070 | 06595120,Olavarría | Villa Alfredo Fortabat - Villa La Serranía,4144 | 381,91.58% | 8.42%,
715,06595,Olavarría,localidad_unica,radios_clc_unico,alta,06595060,Hinojo,100.00%,9,8,1,4206,59,1,06595060,Hinojo,4206,100.00%,
716,06595,Olavarría,localidad_unica,radios_clc_unico,alta,06595100,Sierra Chica,100.00%,6,4,2,3031,106,1,06595100,Sierra Chica,3031,100.00%,
717,06595,Olavarría,localidad_unica,radios_clc_unico,alta,06595110,Sierras Bayas,100.00%,6,5,1,2870,13,1,06595110,Sierras Bayas,2870,100.00%,
718,06595,Olavarría,sin_localidad_mas2000,,,,,,2,0,2,0,414,0,,,,,
719,06595,Olavarría,localidad_unica,radios_clc_unico,alta,06595120,Villa Alfredo Fortabat - Villa La Serranía,100.00%,8,6,2,3612,213,1,06595120,Villa Alfredo Fortabat - Villa La Serranía,3612,100.00%,
720,06595,Olavarría,sin_localidad_mas2000,,,,,,2,0,2,0,134,0,,,,,
721,06595,Olavarría,sin_localidad_mas2000,,,,,,2,0,2,0,462,0,,,,,
722,06595,Olavarría,sin_localidad_mas2000,,,,,,1,0,1,0,74,0,,,,,
723,06595,Olavarría,sin_localidad_mas2000,,,,,,2,0,2,0,479,0,,,,,
724,06595,Olavarría,sin_localidad_mas2000,,,,,,3,0,3,0,227,0,,,,,
725,06595,Olavarría,sin_localidad_mas2000,,,,,,3,0,3,0,678,0,,,,,
726,06595,Olavarría,sin_localidad_mas2000,,,,,,1,0,1,0,149,0,,,,,
729,06602,Patagones,localidad_unica,radios_clc_unico,alta,06602030,Carmen de Patagones,100.00%,43,36,7,25982,312,1,06602030,Carmen de Patagones,25982,100.00%,
730,06602,Patagones,sin_localidad_mas2000,,,,,,13,0,13,0,1119,0,,,,,
731,06602,Patagones,localidad_unica,radios_clc_unico,alta,06602060,Stroeder,100.00%,9,6,3,2117,149,1,06602060,Stroeder,2117,100.00%,
732,06602,Patagones,localidad_unica,radios_clc_unico,alta,06602070,Villalonga,100.00%,11,6,5,5987,186,1,06602070,Villalonga,5987,100.00%,
733,06602,Patagones,sin_localidad_mas2000,,,,,,10,0,10,0,1612,0,,,,,
734,06609,Pehuajó,localidad_unica,radios_clc_unico,alta,06609080,Pehuajó,100.00%,61,54,7,36507,262,1,06609080,Pehuajó,36507,100.00%,
735,06609,Pehuajó,sin_localidad_mas2000,,,,,,13,0,13,0,463,0,,,,,
736,06609,Pehuajó,sin_localidad_mas2000,,,,,,5,0,5,0,449,0,,,,,
738,06609,Pehuajó,sin_localidad_mas2000,,,,,,13,0,13,0,1739,0,,,,,
739,06609,Pehuajó,sin_localidad_mas2000,,,,,,12,0,12,0,2171,0,,,,,
740,06609,Pehuajó,sin_localidad_mas2000,,,,,,5,0,5,0,530,0,,,,,
741,06609,Pehuajó,sin_localidad_mas2000,,,,,,9,0,9,0,2051,0,,,,,
742,06406,Hipólito Yrigoyen,localidad_unica,radios_clc_unico,alta,06406010,Henderson,100.00%,25,12,13,9781,369,1,06406010,Henderson,9781,100.00%,
743,06616,Pellegrini,localidad_unica,radios_clc_unico,alta,06616030,Pellegrini,100.00%,23,9,14,6213,899,1,06616030,Pellegrini,6213,100.00%,
744,06847,Tres Lomas,localidad_unica,radios_clc_unico,alta,06847020,Tres Lomas,100.00%,18,13,5,8405,323,1,06847020,Tres Lomas,8405,100.00%,
745,06847,Tres Lomas,sin_localidad_mas2000,,,,,,5,0,5,0,362,0,,,,,
746,06721,Salliqueló,localidad_unica,radios_clc_unico,alta,06721020,Salliqueló,100.00%,19,13,6,8456,167,1,06721020,Salliqueló,8456,100.00%,
747,06623,Pergamino,sin_localidad_mas2000,,,,,,2,0,2,0,183,0,,,,,
748,06623,Pergamino,localidad_unica,radios_clc_unico,alta,06623100,Pergamino,100.00%,28,28,0,19018,0,1,06623100,Pergamino,19018,100.00%,
749,06623,Pergamino,sin_localidad_mas2000,,,,,,7,0,7,0,1407,0,,,,,
750,06623,Pergamino,sin_localidad_mas2000,,,,,,2,0,2,0,120,0,,,,,
751,06623,Pergamino,sin_localidad_mas2000,,,,,,4,0,4,0,1767,0,,,,,
752,06623,Pergamino,sin_localidad_mas2000,,,,,,3,0,3,0,222,0,,,,,
753,06623,Pergamino,sin_localidad_mas2000,,,,,,8,0,8,0,1310,0,,,,,
754,06623,Pergamino,sin_localidad_mas2000,,,,,,4,0,4,0,492,0,,,,,
755,06623,Pergamino,localidad_unica,radios_clc_unico,alta,06623140,Villa San José,100.00%,7,1,6,184,974,1,06623140,Villa San José,184,100.00%,
756,06623,Pergamino,sin_localidad_mas2000,,,,,,10,0,10,0,1835,0,,,,,
757,06623,Pergamino,sin_localidad_mas2000,,,,,,5,0,5,0,132,0,,,,,
758,06623,Pergamino,sin_localidad_mas2000,,,,,,6,0,6,0,924,0,,,,,
759,06623,Pergamino,sin_localidad_mas2000,,,,,,4,0,4,0,972,0,,,,,
765,06630,Pila,localidad_unica,radios_clc_unico,alta,06630010,Pila,100.00%,7,5,2,3594,420,1,06630010,Pila,3594,100.00%,
766,06630,Pila,sin_localidad_mas2000,,,,,,3,0,3,0,308,0,,,,,
768,06638,Pilar,localidad_unica,radios_clc_unico,alta,06638040,Pilar,100.00%,27,27,0,33275,0,1,06638040,Pilar,33275,100.00%,
769,06638,Pilar,localidad_unica,radios_clc_unico,alta,06638040,Pilar,100.00%,16,16,0,9876,0,1,06638040,Pilar,9876,100.00%,
770,06638,Pilar,localidad_unica,radios_clc_unico,alta,06638040,Pilar,100.00%,7,7,0,5612,0,1,06638040,Pilar,5612,100.00%,
771,06638,Pilar,localidad_unica,radios_clc_unico,alta,06638040,Pilar,100.00%,17,17,0,20820,0,1,06638040,Pilar,20820,100.00%,
772,06638,Pilar,localidad_unica,radios_clc_unico,alta,06638040,Pilar,100.00%,28,28,0,21899,0,1,06638040,Pilar,21899,100.00%,
773,06252,Escobar,localidad_unica,radios_clc_unico,alta,06252010,Escobar,100.00%,58,57,1,43785,52,1,06252010,Escobar,43785,100.00%,
774,06252,Escobar,localidad_unica,radios_clc_unico,alta,06252010,Escobar,100.00%,92,91,1,73909,728,1,06252010,Escobar,73909,100.00%,
775,06252,Escobar,localidad_unica,radios_clc_unico,alta,06252010,Escobar,100.00%,26,26,0,18021,0,1,06252010,Escobar,18021,100.00%,
776,06651,Puán,localidad_unica,radios_clc_unico,alta,06651080,Puan,100.00%,26,9,17,5383,378,1,06651080,Puan,5383,100.00%,
777,06651,Puán,localidad_unica,radios_clc_unico,alta,06651030,Darregueira,100.00%,18,9,9,6221,813,1,06651030,Darregueira,6221,100.00%,
778,06651,Puán,sin_localidad_mas2000,,,,,,10,0,10,0,118,0,,,,,
779,06651,Puán,sin_localidad_mas2000,,,,,,17,0,17,0,505,0,,,,,
780,06651,Puán,sin_localidad_mas2000,,,,,,16,0,16,0,1962,0,,,,,
781,06651,Puán,sin_localidad_mas2000,,,,,,13,0,13,0,289,0,,,,,
782,06651,Puán,sin_localidad_mas2000,,,,,,3,0,3,0,599,0,,,,,
783,06658,Quilmes,localidad_unica,radios_clc_unico,alta,06658010,Quilmes,100.00%,36,36,0,21201,0,1,06658010,Quilmes,21201,100.00%,
784,06658,Quilmes,localidad_unica,radios_clc_unico,alta,06658010,Quilmes,100.00%,41,41,0,32475,0,1,06658010,Quilmes,32475,100.00%,
785,06658,Quilmes,localidad_unica,radios_clc_unico,alta,06658010,Quilmes,100.00%,59,59,0,46091,0,1,06658010,Quilmes,46091,100.00%,
786,06658,Quilmes,localidad_unica,radios_clc_unico,alta,06658010,Quilmes,100.00%,40,40,0,31285,0,1,06658010,Quilmes,31285,100.00%,
787,06658,Quilmes,localidad_unica,radios_clc_unico,alta,06658010,Quilmes,100.00%,23,23,0,15708,0,1,06658010,Quilmes,15708,100.00%,
788,06658,Quilmes,localidad_unica,radios_clc_unico,alta,06658010,Quilmes,100.00%,46,46,0,51416,0,1,06658010,Quilmes,51416,100.00%,
789,06091,Berazategui,localidad_unica,radios_clc_unico,alta,06091010,Berazategui,100.00%,40,40,0,46514,0,1,06091010,Berazategui,46514,100.00%,
790,06091,Berazategui,localidad_unica,radios_clc_unico,alta,06091010,Berazategui,100.00%,26,26,0,28000,0,1,06091010,Berazategui,28000,100.00%,
791,06658,Quilmes,localidad_unica,radios_clc_unico,alta,06658010,Quilmes,100.00%,27,27,0,25610,0,1,06658010,Quilmes,25610,100.00%,
792,06091,Berazategui,localidad_unica,radios_clc_unico,alta,06091010,Berazategui,100.00%,32,32,0,30552,0,1,06091010,Berazategui,30552,100.00%,
797,06665,Ramallo,localidad_unica,radios_clc_unico,alta,06665040,Ramallo,100.00%,34,29,5,22255,215,1,06665040,Ramallo,22255,100.00%,
798,06665,Ramallo,sin_localidad_mas2000,,,,,,1,0,1,0,23,0,,,,,
799,06665,Ramallo,localidad_unica,radios_clc_unico,alta,06665040,Ramallo,100.00%,11,8,3,7709,113,1,06665040,Ramallo,7709,100.00%,
800,06665,Ramallo,localidad_unica,radios_clc_unico,alta,06665050,Villa General Savio,100.00%,7,4,3,2663,468,1,06665050,Villa General Savio,2663,100.00%,
801,06665,Ramallo,sin_localidad_mas2000,,,,,,1,0,1,0,97,0,,,,,
802,06665,Ramallo,sin_localidad_mas2000,,,,,,1,0,1,0,47,0,,,,,
803,06665,Ramallo,localidad_unica,radios_clc_unico,alta,06665030,Pérez Millán,100.00%,8,4,4,5137,170,1,06665030,Pérez Millán,5137,100.00%,
804,06665,Ramallo,sin_localidad_mas2000,,,,,,10,0,10,0,751,0,,,,,
806,06672,Rauch,localidad_unica,radios_clc_unico,alta,06672010,Rauch,100.00%,24,19,5,14793,296,1,06672010,Rauch,14793,100.00%,
807,06672,Rauch,sin_localidad_mas2000,,,,,,6,0,6,0,176,0,,,,,
808,06672,Rauch,sin_localidad_mas2000,,,,,,10,0,10,0,261,0,,,,,
809,06672,Rauch,sin_localidad_mas2000,,,,,,2,0,2,0,49,0,,,,,
810,06672,Rauch,sin_localidad_mas2000,,,,,,10,0,10,0,327,0,,,,,
811,06672,Rauch,sin_localidad_mas2000,,,,,,4,0,4,0,125,0,,,,,
812,06672,Rauch,sin_localidad_mas2000,,,,,,6,0,6,0,252,0,,,,,
813,06672,Rauch,sin_localidad_mas2000,,,,,,3,0,3,0,212,0,,,,,
815,06679,Rivadavia,localidad_unica,radios_clc_unico,alta,06679010,América,100.00%,23,16,7,13619,451,1,06679010,América,13619,100.00%,
816,06679,Rivadavia,sin_localidad_mas2000,,,,,,7,0,7,0,696,0,,,,,
817,06679,Rivadavia,localidad_unica,radios_clc_unico,alta,06679030,González Moreno,100.00%,6,4,2,2130,142,1,06679030,González Moreno,2130,100.00%,
818,06679,Rivadavia,sin_localidad_mas2000,,,,,,5,0,5,0,72,0,,,,,
819,06679,Rivadavia,sin_localidad_mas2000,,,,,,10,0,10,0,720,0,,,,,
820,06679,Rivadavia,sin_localidad_mas2000,,,,,,7,0,7,0,1697,0,,,,,
821,06679,Rivadavia,sin_localidad_mas2000,,,,,,4,0,4,0,208,0,,,,,
823,06686,Rojas,localidad_unica,radios_clc_unico,alta,06686060,Rojas,100.00%,40,32,8,22106,412,1,06686060,Rojas,22106,100.00%,
824,06686,Rojas,sin_localidad_mas2000,,,,,,3,0,3,0,63,0,,,,,
825,06686,Rojas,sin_localidad_mas2000,,,,,,7,0,7,0,101,0,,,,,
826,06686,Rojas,sin_localidad_mas2000,,,,,,8,0,8,0,211,0,,,,,
827,06686,Rojas,sin_localidad_mas2000,,,,,,7,0,7,0,848,0,,,,,
828,06686,Rojas,sin_localidad_mas2000,,,,,,4,0,4,0,190,0,,,,,
829,06686,Rojas,sin_localidad_mas2000,,,,,,5,0,5,0,287,0,,,,,
830,06686,Rojas,sin_localidad_mas2000,,,,,,14,0,14,0,1401,0,,,,,
832,06693,Roque Pérez,localidad_unica,radios_clc_unico,alta,06693020,Roque Pérez,100.00%,22,19,3,12273,138,1,06693020,Roque Pérez,12273,100.00%,
833,06693,Roque Pérez,sin_localidad_mas2000,,,,,,5,0,5,0,323,0,,,,,
834,06693,Roque Pérez,sin_localidad_mas2000,,,,,,4,0,4,0,422,0,,,,,
835,06693,Roque Pérez,sin_localidad_mas2000,,,,,,2,0,2,0,196,0,,,,,
836,06693,Roque Pérez,sin_localidad_mas2000,,,,,,4,0,4,0,419,0,,,,,
837,06693,Roque Pérez,sin_localidad_mas2000,,,,,,4,0,4,0,130,0,,,,,
839,06700,Saavedra,localidad_unica,radios_clc_unico,alta,06700070,Saavedra,100.00%,6,4,2,2050,9,1,06700070,Saavedra,2050,100.00%,
840,06700,Saavedra,localidad_unica,radios_clc_unico,alta,06700060,Pigüé,100.00%,41,27,14,15905,420,1,06700060,Pigüé,15905,100.00%,
841,06700,Saavedra,sin_localidad_mas2000,,,,,,7,0,7,0,785,0,,,,,
842,06700,Saavedra,sin_localidad_mas2000,,,,,,4,0,4,0,981,0,,,,,
843,06700,Saavedra,sin_localidad_mas2000,,,,,,16,0,16,0,693,0,,,,,
844,06700,Saavedra,sin_localidad_mas2000,,,,,,17,0,17,0,516,0,,,,,
846,06707,Saladillo,localidad_unica,radios_clc_unico,alta,06707060,Saladillo,100.00%,48,45,3,30378,595,1,06707060,Saladillo,30378,100.00%,
847,06707,Saladillo,sin_localidad_mas2000,,,,,,5,0,5,0,510,0,,,,,
848,06707,Saladillo,sin_localidad_mas2000,,,,,,1,0,1,0,703,0,,,,,
849,06707,Saladillo,sin_localidad_mas2000,,,,,,6,0,6,0,1520,0,,,,,
850,06707,Saladillo,sin_localidad_mas2000,,,,,,4,0,4,0,451,0,,,,,
851,06707,Saladillo,sin_localidad_mas2000,,,,,,4,0,4,0,333,0,,,,,
852,06707,Saladillo,sin_localidad_mas2000,,,,,,4,0,4,0,300,0,,,,,
854,06714,Salto,localidad_unica,radios_clc_unico,alta,06714060,Salto,100.00%,43,40,3,33272,114,1,06714060,Salto,33272,100.00%,
855,06714,Salto,localidad_unica,radios_clc_unico,alta,06714010,Arroyo Dulce,100.00%,14,2,12,1938,399,1,06714010,Arroyo Dulce,1938,100.00%,
856,06714,Salto,localidad_unica,radios_clc_unico,alta,06714060,Salto,100.00%,7,1,6,762,944,1,06714060,Salto,762,100.00%,
857,06714,Salto,sin_localidad_mas2000,,,,,,3,0,3,0,1150,0,,,,,
858,06714,Salto,sin_localidad_mas2000,,,,,,6,0,6,0,366,0,,,,,
860,06728,San Andrés De Giles,localidad_unica,radios_clc_unico,alta,06728040,San Andrés de Giles,100.00%,43,30,13,19362,1064,1,06728040,San Andrés de Giles,19362,100.00%,
861,06728,San Andrés De Giles,sin_localidad_mas2000,,,,,,8,0,8,0,718,0,,,,,
862,06728,San Andrés De Giles,sin_localidad_mas2000,,,,,,10,0,10,0,267,0,,,,,
863,06728,San Andrés De Giles,sin_localidad_mas2000,,,,,,5,0,5,0,1892,0,,,,,
864,06728,San Andrés De Giles,sin_localidad_mas2000,,,,,,9,0,9,0,1445,0,,,,,
866,06735,San Antonio De Areco,localidad_unica,radios_clc_unico,alta,06735020,San Antonio de Areco,100.00%,22,22,0,22108,0,1,06735020,San Antonio de Areco,22108,100.00%,
867,06735,San Antonio De Areco,localidad_unica,radios_clc_unico,alta,06735020,San Antonio de Areco,100.00%,7,2,5,801,449,1,06735020,San Antonio de Areco,801,100.00%,
868,06735,San Antonio De Areco,sin_localidad_mas2000,,,,,,7,0,7,0,139,0,,,,,
869,06735,San Antonio De Areco,sin_localidad_mas2000,,,,,,9,0,9,0,1400,0,,,,,
870,06735,San Antonio De Areco,sin_localidad_mas2000,,,,,,10,0,10,0,1798,0,,,,,
871,06742,San Cayetano,localidad_unica,radios_clc_unico,alta,06742030,San Cayetano,100.00%,18,14,4,8227,157,1,06742030,San Cayetano,8227,100.00%,
872,06749,San Fernando,localidad_unica,radios_clc_unico,alta,06749010,San Fernando,100.00%,15,15,0,9488,0,1,06749010,San Fernando,9488,100.00%,
873,06749,San Fernando,localidad_unica,radios_clc_unico,alta,06749010,San Fernando,100.00%,6,6,0,4401,0,1,06749010,San Fernando,4401,100.00%,
874,06749,San Fernando,localidad_unica,radios_clc_unico,alta,06749010,San Fernando,100.00%,5,5,0,2674,0,1,06749010,San Fernando,2674,100.00%,
875,06749,San Fernando,localidad_unica,radios_clc_unico,alta,06749010,San Fernando,100.00%,3,3,0,1759,0,1,06749010,San Fernando,1759,100.00%,
876,06749,San Fernando,localidad_unica,radios_clc_unico,alta,06749010,San Fernando,100.00%,4,4,0,4502,0,1,06749010,San Fernando,4502,100.00%,
877,06749,San Fernando,localidad_unica,radios_clc_unico,alta,06749010,San Fernando,100.00%,24,24,0,23052,0,1,06749010,San Fernando,23052,100.00%,
878,06749,San Fernando,localidad_unica,radios_clc_unico,alta,06749010,San Fernando,100.00%,25,25,0,20705,0,1,06749010,San Fernando,20705,100.00%,
879,06749,San Fernando,localidad_unica,radios_clc_unico,alta,06749010,San Fernando,100.00%,20,20,0,21216,0,1,06749010,San Fernando,21216,100.00%,
880,06749,San Fernando,localidad_unica,radios_clc_unico,alta,06749010,San Fernando,100.00%,29,29,0,23014,0,1,06749010,San Fernando,23014,100.00%,
881,06749,San Fernando,sin_localidad_mas2000,,,,,,7,0,7,0,1033,0,,,,,
882,06749,San Fernando,sin_localidad_mas2000,,,,,,3,0,3,0,365,0,,,,,
887,06756,San Isidro,localidad_unica,radios_clc_unico,alta,06756010,San Isidro,100.00%,22,22,0,13238,0,1,06756010,San Isidro,13238,100.00%,
888,06756,San Isidro,localidad_unica,radios_clc_unico,alta,06756010,San Isidro,100.00%,27,27,0,18664,0,1,06756010,San Isidro,18664,100.00%,
889,06756,San Isidro,localidad_unica,radios_clc_unico,alta,06756010,San Isidro,100.00%,35,35,0,28907,0,1,06756010,San Isidro,28907,100.00%,
890,06756,San Isidro,localidad_unica,radios_clc_unico,alta,06756010,San Isidro,100.00%,3,3,0,2510,0,1,06756010,San Isidro,2510,100.00%,
891,06756,San Isidro,localidad_unica,radios_clc_unico,alta,06756010,San Isidro,100.00%,63,63,0,51433,0,1,06756010,San Isidro,51433,100.00%,
892,06756,San Isidro,localidad_unica,radios_clc_unico,alta,06756010,San Isidro,100.00%,73,73,0,68754,0,1,06756010,San Isidro,68754,100.00%,
893,06756,San Isidro,localidad_unica,radios_clc_unico,alta,06756010,San Isidro,100.00%,51,51,0,45056,0,1,06756010,San Isidro,45056,100.00%,
894,06756,San Isidro,localidad_unica,radios_clc_unico,alta,06756010,San Isidro,100.00%,6,6,0,4885,0,1,06756010,San Isidro,4885,100.00%,
895,06756,San Isidro,localidad_unica,radios_clc_unico,alta,06756010,San Isidro,100.00%,32,32,0,20911,0,1,06756010,San Isidro,20911,100.00%,
901,06763,San Nicolás,localidad_unica,radios_clc_unico,alta,06763050,San Nicolás de los Arroyos,100.00%,54,54,0,42690,0,1,06763050,San Nicolás de los Arroyos,42690,100.00%,
902,06763,San Nicolás,localidad_unica,radios_clc_unico,alta,06763050,San Nicolás de los Arroyos,100.00%,15,15,0,14122,0,1,06763050,San Nicolás de los Arroyos,14122,100.00%,
903,06763,San Nicolás,localidad_unica,radios_clc_unico,alta,06763050,San Nicolás de los Arroyos,100.00%,11,11,0,10740,0,1,06763050,San Nicolás de los Arroyos,10740,100.00%,
904,06763,San Nicolás,localidad_unica,radios_clc_unico,alta,06763050,San Nicolás de los Arroyos,100.00%,32,28,4,27338,198,1,06763050,San Nicolás de los Arroyos,27338,100.00%,
905,06763,San Nicolás,localidad_unica,radios_clc_unico,alta,06763050,San Nicolás de los Arroyos,100.00%,13,11,2,11477,102,1,06763050,San Nicolás de los Arroyos,11477,100.00%,
906,06763,San Nicolás,multilocalidad_clasificada,mayor_poblacion_radios,media,06763030,General Rojo,62.40%,10,6,4,3726,663,2,06763030 | 06763050,General Rojo | San Nicolás de los Arroyos,2325 | 1401,62.40% | 37.60%,
907,06763,San Nicolás,localidad_unica,radios_clc_unico,alta,06763050,San Nicolás de los Arroyos,100.00%,6,4,2,2419,55,1,06763050,San Nicolás de los Arroyos,2419,100.00%,
908,06763,San Nicolás,sin_localidad_mas2000,,,,,,1,0,1,0,55,0,,,,,
909,06763,San Nicolás,sin_localidad_mas2000,,,,,,5,0,5,0,614,0,,,,,
910,06763,San Nicolás,localidad_unica,radios_clc_unico,alta,06763010,Conesa,100.00%,7,3,4,2337,177,1,06763010,Conesa,2337,100.00%,
911,06763,San Nicolás,localidad_unica,radios_clc_unico,alta,06763050,San Nicolás de los Arroyos,100.00%,6,5,1,3083,43,1,06763050,San Nicolás de los Arroyos,3083,100.00%,
913,06770,San Pedro,localidad_unica,radios_clc_unico,alta,06770050,San Pedro,100.00%,62,60,2,50590,136,1,06770050,San Pedro,50590,100.00%,
914,06770,San Pedro,localidad_unica,radios_clc_unico,alta,06770040,Río Tala,100.00%,6,2,4,2261,524,1,06770040,Río Tala,2261,100.00%,
915,06770,San Pedro,localidad_unica,radios_clc_unico,alta,06770050,San Pedro,100.00%,25,10,15,5794,648,1,06770050,San Pedro,5794,100.00%,
916,06770,San Pedro,localidad_unica,radios_clc_unico,alta,06770050,San Pedro,100.00%,4,1,3,87,56,1,06770050,San Pedro,87,100.00%,
917,06770,San Pedro,localidad_unica,radios_clc_unico,alta,06770010,Gobernador Castro,100.00%,10,3,7,2882,673,1,06770010,Gobernador Castro,2882,100.00%,
918,06770,San Pedro,sin_localidad_mas2000,,,,,,13,0,13,0,404,0,,,,,
919,06770,San Pedro,sin_localidad_mas2000,,,,,,11,0,11,0,240,0,,,,,
920,06770,San Pedro,sin_localidad_mas2000,,,,,,10,0,10,0,214,0,,,,,
921,06770,San Pedro,sin_localidad_mas2000,,,,,,6,0,6,0,39,0,,,,,
922,06770,San Pedro,localidad_unica,radios_clc_unico,alta,06770060,Santa Lucía,100.00%,18,4,14,2655,1128,1,06770060,Santa Lucía,2655,100.00%,
924,06778,San Vicente,multilocalidad_clasificada,mayor_poblacion_radios,alta,06778020,San Vicente,95.50%,75,69,6,47862,286,3,06778020 | 06778015 | 06778030,San Vicente | El Lauquen - Principado | Santa Rita - San Lucas,45710 | 1149 | 1003,95.50% | 2.40% | 2.10%,
925,06778,San Vicente,localidad_unica,radios_clc_unico,alta,06778020,San Vicente,100.00%,52,51,1,44311,363,1,06778020,San Vicente,44311,100.00%,
926,06778,San Vicente,localidad_unica,radios_clc_unico,alta,06778010,Domselaar,100.00%,18,14,4,4814,141,1,06778010,Domselaar,4814,100.00%,
927,06778,San Vicente,sin_localidad_mas2000,,,,,,7,0,7,0,152,0,,,,,
929,06784,Suipacha,localidad_unica,radios_clc_unico,alta,06784020,Suipacha,100.00%,28,13,15,9609,639,1,06784020,Suipacha,9609,100.00%,
930,06784,Suipacha,sin_localidad_mas2000,,,,,,9,0,9,0,458,0,,,,,
931,06784,Suipacha,sin_localidad_mas2000,,,,,,7,0,7,0,790,0,,,,,
934,06791,Tandil,localidad_unica,radios_clc_unico,alta,06791050,Tandil,100.00%,9,1,8,129,679,1,06791050,Tandil,129,100.00%,
935,06791,Tandil,localidad_unica,radios_clc_unico,alta,06791050,Tandil,100.00%,7,1,6,16,421,1,06791050,Tandil,16,100.00%,
936,06791,Tandil,sin_localidad_mas2000,,,,,,4,0,4,0,253,0,,,,,
937,06791,Tandil,sin_localidad_mas2000,,,,,,12,0,12,0,2367,0,,,,,
938,06791,Tandil,sin_localidad_mas2000,,,,,,6,0,6,0,318,0,,,,,
939,06791,Tandil,sin_localidad_mas2000,,,,,,6,0,6,0,493,0,,,,,
940,06791,Tandil,sin_localidad_mas2000,,,,,,3,0,3,0,954,0,,,,,
944,06798,Tapalqué,localidad_unica,radios_clc_unico,alta,06798020,Tapalqué,100.00%,16,15,1,9408,49,1,06798020,Tapalqué,9408,100.00%,
945,06798,Tapalqué,sin_localidad_mas2000,,,,,,2,0,2,0,113,0,,,,,
946,06798,Tapalqué,sin_localidad_mas2000,,,,,,5,0,5,0,168,0,,,,,
947,06798,Tapalqué,sin_localidad_mas2000,,,,,,6,0,6,0,265,0,,,,,
948,06798,Tapalqué,sin_localidad_mas2000,,,,,,6,0,6,0,264,0,,,,,
949,06798,Tapalqué,sin_localidad_mas2000,,,,,,11,0,11,0,428,0,,,,,
951,06812,Tordillo,localidad_unica,radios_clc_unico,alta,06812010,General Conesa,100.00%,17,4,13,2190,338,1,06812010,General Conesa,2190,100.00%,
953,06819,Tornquist,localidad_unica,radios_clc_unico,alta,06819040,Tornquist,100.00%,19,8,11,7508,760,1,06819040,Tornquist,7508,100.00%,
954,06819,Tornquist,sin_localidad_mas2000,,,,,,11,0,11,0,684,0,,,,,067001004
955,06819,Tornquist,sin_localidad_mas2000,,,,,,6,0,6,0,1907,0,,,,,
956,06819,Tornquist,sin_localidad_mas2000,,,,,,2,0,2,0,153,0,,,,,
957,06826,Trenque Lauquen,localidad_unica,radios_clc_unico,alta,06826050,Trenque Lauquen,100.00%,74,64,10,39975,430,1,06826050,Trenque Lauquen,39975,100.00%,
958,06826,Trenque Lauquen,sin_localidad_mas2000,,,,,,6,0,6,0,1086,0,,,,,
959,06826,Trenque Lauquen,sin_localidad_mas2000,,,,,,2,0,2,0,88,0,,,,,
960,06826,Trenque Lauquen,sin_localidad_mas2000,,,,,,4,0,4,0,278,0,,,,,
961,06826,Trenque Lauquen,localidad_unica,radios_clc_unico,alta,06826040,30 de Agosto,100.00%,14,9,5,5339,759,1,06826040,30 de Agosto,5339,100.00%,
964,06833,Tres Arroyos,localidad_unica,radios_clc_unico,alta,06833100,Tres Arroyos,100.00%,74,69,5,52199,762,1,06833100,Tres Arroyos,52199,100.00%,
968,06833,Tres Arroyos,sin_localidad_mas2000,,,,,,6,0,6,0,189,0,,,,,
969,06833,Tres Arroyos,sin_localidad_mas2000,,,,,,9,0,9,0,535,0,,,,,
970,06833,Tres Arroyos,sin_localidad_mas2000,,,,,,3,0,3,0,527,0,,,,,
972,06833,Tres Arroyos,localidad_unica,radios_clc_unico,alta,06833060,Orense,100.00%,10,5,5,2180,211,1,06833060,Orense,2180,100.00%,
973,06833,Tres Arroyos,sin_localidad_mas2000,,,,,,3,0,3,0,126,0,,,,,
974,06833,Tres Arroyos,sin_localidad_mas2000,,,,,,11,0,11,0,719,0,,,,,
975,06833,Tres Arroyos,sin_localidad_mas2000,,,,,,10,0,10,0,1246,0,,,,,
976,06833,Tres Arroyos,sin_localidad_mas2000,,,,,,3,0,3,0,38,0,,,,,
977,06833,Tres Arroyos,sin_localidad_mas2000,,,,,,7,0,7,0,126,0,,,,,
978,06833,Tres Arroyos,sin_localidad_mas2000,,,,,,5,0,5,0,48,0,,,,,
980,06854,25 De Mayo,localidad_unica,radios_clc_unico,alta,06854100,25 de Mayo,100.00%,36,34,2,23814,388,1,06854100,25 de Mayo,23814,100.00%,
981,06854,25 De Mayo,sin_localidad_mas2000,,,,,,4,0,4,0,192,0,,,,,
982,06854,25 De Mayo,sin_localidad_mas2000,,,,,,3,0,3,0,140,0,,,,,
983,06854,25 De Mayo,localidad_unica,radios_clc_unico,alta,06854060,Norberto de la Riestra,100.00%,9,7,2,5206,416,1,06854060,Norberto de la Riestra,5206,100.00%,
984,06854,25 De Mayo,sin_localidad_mas2000,,,,,,7,0,7,0,2119,0,,,,,
985,06854,25 De Mayo,sin_localidad_mas2000,,,,,,6,0,6,0,788,0,,,,,
986,06854,25 De Mayo,sin_localidad_mas2000,,,,,,3,0,3,0,161,0,,,,,
987,06854,25 De Mayo,sin_localidad_mas2000,,,,,,2,0,2,0,192,0,,,,,
988,06854,25 De Mayo,sin_localidad_mas2000,,,,,,4,0,4,0,639,0,,,,,
989,06854,25 De Mayo,sin_localidad_mas2000,,,,,,4,0,4,0,302,0,,,,,
990,06854,25 De Mayo,sin_localidad_mas2000,,,,,,2,0,2,0,206,0,,,,,
991,06854,25 De Mayo,sin_localidad_mas2000,,,,,,4,0,4,0,848,0,,,,,
993,06861,Vicente López,localidad_unica,radios_clc_unico,alta,06861010,Vicente López,100.00%,36,36,0,26641,0,1,06861010,Vicente López,26641,100.00%,
994,06861,Vicente López,localidad_unica,radios_clc_unico,alta,06861010,Vicente López,100.00%,23,23,0,15481,0,1,06861010,Vicente López,15481,100.00%,
995,06861,Vicente López,localidad_unica,radios_clc_unico,alta,06861010,Vicente López,100.00%,25,25,0,18579,0,1,06861010,Vicente López,18579,100.00%,
996,06861,Vicente López,localidad_unica,radios_clc_unico,alta,06861010,Vicente López,100.00%,20,20,0,16485,0,1,06861010,Vicente López,16485,100.00%,
997,06861,Vicente López,localidad_unica,radios_clc_unico,alta,06861010,Vicente López,100.00%,24,24,0,14933,0,1,06861010,Vicente López,14933,100.00%,
998,06861,Vicente López,localidad_unica,radios_clc_unico,alta,06861010,Vicente López,100.00%,24,24,0,19485,0,1,06861010,Vicente López,19485,100.00%,
999,06861,Vicente López,localidad_unica,radios_clc_unico,alta,06861010,Vicente López,100.00%,52,52,0,44310,0,1,06861010,Vicente López,44310,100.00%,
1000,06861,Vicente López,localidad_unica,radios_clc_unico,alta,06861010,Vicente López,100.00%,61,61,0,51699,0,1,06861010,Vicente López,51699,100.00%,
1001,06861,Vicente López,localidad_unica,radios_clc_unico,alta,06861010,Vicente López,100.00%,37,37,0,33168,0,1,06861010,Vicente López,33168,100.00%,
1007,06875,Villarino,multilocalidad_clasificada,mayor_poblacion_radios,alta,06875060,Médanos,99.06%,22,12,10,6055,591,2,06875060 | 06875025,Médanos | Country Club Los Médanos,5998 | 57,99.06% | 0.94%,
1008,06875,Villarino,localidad_unica,radios_clc_unico,alta,06875040,Juan Cousté,100.00%,10,5,5,2014,289,1,06875040,Juan Cousté,2014,100.00%,
1009,06875,Villarino,sin_localidad_mas2000,,,,,,6,0,6,0,550,0,,,,,
1010,06875,Villarino,localidad_unica,radios_clc_unico,alta,06875050,Mayor Buratovich,100.00%,15,9,6,6162,838,1,06875050,Mayor Buratovich,6162,100.00%,
1011,06875,Villarino,localidad_unica,radios_clc_unico,alta,06875070,Pedro Luro,100.00%,16,14,2,11114,572,1,06875070,Pedro Luro,11114,100.00%,
1013,06882,Zárate,localidad_unica,radios_clc_unico,alta,06882050,Zárate,100.00%,30,30,0,21741,0,1,06882050,Zárate,21741,100.00%,
1014,06882,Zárate,localidad_unica,radios_clc_unico,alta,06882050,Zárate,100.00%,49,48,1,49547,61,1,06882050,Zárate,49547,100.00%,
1015,06882,Zárate,localidad_unica,radios_clc_unico,alta,06882050,Zárate,100.00%,3,3,0,2945,0,1,06882050,Zárate,2945,100.00%,
1016,06882,Zárate,localidad_unica,radios_clc_unico,alta,06882050,Zárate,100.00%,5,4,1,2674,60,1,06882050,Zárate,2674,100.00%,
1017,06882,Zárate,localidad_unica,radios_clc_unico,alta,06882050,Zárate,100.00%,24,22,2,22430,216,1,06882050,Zárate,22430,100.00%,
1018,06882,Zárate,localidad_unica,radios_clc_unico,alta,06882050,Zárate,100.00%,13,13,0,14787,0,1,06882050,Zárate,14787,100.00%,
1019,06882,Zárate,localidad_unica,radios_clc_unico,alta,06882050,Zárate,100.00%,5,3,2,781,255,1,06882050,Zárate,781,100.00%,
1020,06882,Zárate,sin_localidad_mas2000,,,,,,3,0,3,0,209,0,,,,,
1021,06882,Zárate,localidad_unica,radios_clc_unico,alta,06882040,Lima,100.00%,31,17,14,13871,1442,1,06882040,Lima,13871,100.00%,
103A,06063,Balcarce,sin_localidad_mas2000,,,,,,7,0,7,0,914,0,,,,,
117A,06077,Arrecifes,sin_localidad_mas2000,,,,,,4,0,4,0,270,0,,,,,
117B,06077,Arrecifes,sin_localidad_mas2000,,,,,,8,0,8,0,228,0,,,,,
125A,06105,Bolívar,sin_localidad_mas2000,,,,,,1,0,1,0,130,0,,,,,
131A,06105,Bolívar,sin_localidad_mas2000,,,,,,2,0,2,0,235,0,,,,,
153A,06119,Brandsen,sin_localidad_mas2000,,,,,,3,0,3,0,373,0,,,,,
155A,06126,Campana,localidad_unica,radios_clc_unico,alta,06126030,Campana,100.00%,21,21,0,18213,0,1,06126030,Campana,18213,100.00%,
156A,06126,Campana,localidad_unica,radios_clc_unico,alta,06126030,Campana,100.00%,47,34,13,25418,2043,1,06126030,Campana,25418,100.00%,
156B,06126,Campana,localidad_unica,radios_clc_unico,alta,06126030,Campana,100.00%,19,14,5,14378,162,1,06126030,Campana,14378,100.00%,
158A,06134,Cañuelas,localidad_unica,radios_clc_unico,alta,06134050,Máximo Paz,100.00%,20,19,1,14278,287,1,06134050,Máximo Paz,14278,100.00%,
158B,06134,Cañuelas,localidad_unica,radios_clc_unico,alta,06134060,Barrio San Esteban - Barrio Los Pozos,100.00%,14,14,0,8449,0,1,06134060,Barrio San Esteban - Barrio Los Pozos,8449,100.00%,
164A,06147,Carlos Casares,sin_localidad_mas2000,,,,,,3,0,3,0,71,0,,,,,
165A,06147,Carlos Casares,sin_localidad_mas2000,,,,,,3,0,3,0,116,0,,,,,
165B,06147,Carlos Casares,sin_localidad_mas2000,,,,,,5,0,5,0,489,0,,,,,
166A,06147,Carlos Casares,sin_localidad_mas2000,,,,,,3,0,3,0,266,0,,,,,
167A,06147,Carlos Casares,sin_localidad_mas2000,,,,,,3,0,3,0,319,0,,,,,
171A,06154,Carlos Tejedor,sin_localidad_mas2000,,,,,,2,0,2,0,86,0,,,,,
196A,06210,Chacabuco,sin_localidad_mas2000,,,,,,2,0,2,0,79,0,,,,,
207L,06466,Lezama,localidad_unica,radios_clc_unico,alta,06466010,Lezama,100.00%,27,9,18,5515,655,1,06466010,Lezama,5515,100.00%,
209A,06218,Chascomús,sin_localidad_mas2000,,,,,,1,0,1,0,136,0,,,,,
230A,06175,Colón,sin_localidad_mas2000,,,,,,5,0,5,0,151,0,,,,,
231A,06175,Colón,sin_localidad_mas2000,,,,,,2,0,2,0,298,0,,,,,
232A,06189,Coronel Dorrego,sin_localidad_mas2000,,,,,,4,0,4,0,14,0,,,,,
236A,06189,Coronel Dorrego,sin_localidad_mas2000,,,,,,6,0,6,0,92,0,,,,,
237A,06189,Coronel Dorrego,sin_localidad_mas2000,,,,,,6,0,6,0,71,0,,,,,
248A,06182,Coronel De Marina Leonardo Rosales,sin_localidad_mas2000,,,,,,8,0,8,0,874,0,,,,,
248B,06182,Coronel De Marina Leonardo Rosales,sin_localidad_mas2000,,,,,,4,0,4,0,312,0,,,,,
248C,06182,Coronel De Marina Leonardo Rosales,localidad_unica,radios_clc_unico,alta,06182030,Punta Alta,100.00%,22,21,1,17296,17,1,06182030,Punta Alta,17296,100.00%,
248D,06182,Coronel De Marina Leonardo Rosales,localidad_unica,radios_clc_unico,alta,06182030,Punta Alta,100.00%,12,11,1,7754,22,1,06182030,Punta Alta,7754,100.00%,
248E,06182,Coronel De Marina Leonardo Rosales,localidad_unica,radios_clc_unico,alta,06182030,Punta Alta,100.00%,16,16,0,14427,0,1,06182030,Punta Alta,14427,100.00%,
248F,06182,Coronel De Marina Leonardo Rosales,localidad_unica,radios_clc_unico,alta,06182030,Punta Alta,100.00%,10,10,0,1805,0,1,06182030,Punta Alta,1805,100.00%,
249A,06182,Coronel De Marina Leonardo Rosales,localidad_unica,radios_clc_unico,alta,06182030,Punta Alta,100.00%,5,4,1,2571,103,1,06182030,Punta Alta,2571,100.00%,
249B,06182,Coronel De Marina Leonardo Rosales,localidad_unica,radios_clc_unico,alta,06182030,Punta Alta,100.00%,1,1,0,456,0,1,06182030,Punta Alta,456,100.00%,
255A,06203,Coronel Suárez,sin_localidad_mas2000,,,,,,8,0,8,0,101,0,,,,,
256A,06203,Coronel Suárez,localidad_unica,radios_clc_unico,alta,06203100,Villa Arcadia,100.00%,5,3,2,627,17,1,06203100,Villa Arcadia,627,100.00%,
258A,06203,Coronel Suárez,localidad_unica,radios_clc_unico,alta,06203020,Coronel Suárez,100.00%,4,3,1,2735,65,1,06203020,Coronel Suárez,2735,100.00%,
258B,06203,Coronel Suárez,localidad_unica,radios_clc_unico,alta,06203020,Coronel Suárez,100.00%,6,5,1,4063,84,1,06203020,Coronel Suárez,4063,100.00%,
258C,06203,Coronel Suárez,sin_localidad_mas2000,,,,,,7,0,7,0,218,0,,,,,
286A,06260,Esteban Echeverría,localidad_unica,radios_clc_unico,alta,06260010,Esteban Echeverría,100.00%,42,42,0,54914,0,1,06260010,Esteban Echeverría,54914,100.00%,
287A,06260,Esteban Echeverría,localidad_unica,radios_clc_unico,alta,06260010,Esteban Echeverría,100.00%,27,27,0,25089,0,1,06260010,Esteban Echeverría,25089,100.00%,
287B,06260,Esteban Echeverría,localidad_unica,radios_clc_unico,alta,06260010,Esteban Echeverría,100.00%,19,19,0,13095,0,1,06260010,Esteban Echeverría,13095,100.00%,
287C,06260,Esteban Echeverría,localidad_unica,radios_clc_unico,alta,06260010,Esteban Echeverría,100.00%,27,27,0,28716,0,1,06260010,Esteban Echeverría,28716,100.00%,
287D,06260,Esteban Echeverría,localidad_unica,radios_clc_unico,alta,06260010,Esteban Echeverría,100.00%,25,25,0,30182,0,1,06260010,Esteban Echeverría,30182,100.00%,
288A,06260,Esteban Echeverría,localidad_unica,radios_clc_unico,alta,06260010,Esteban Echeverría,100.00%,25,25,0,21442,0,1,06260010,Esteban Echeverría,21442,100.00%,
288B,06260,Esteban Echeverría,localidad_unica,radios_clc_unico,alta,06260010,Esteban Echeverría,100.00%,36,36,0,43392,0,1,06260010,Esteban Echeverría,43392,100.00%,
290A,06270,Ezeiza,localidad_unica,radios_clc_unico,alta,06270010,Ezeiza,100.00%,51,51,0,52566,0,1,06270010,Ezeiza,52566,100.00%,
290B,06270,Ezeiza,localidad_unica,radios_clc_unico,alta,06270010,Ezeiza,100.00%,38,38,0,35268,0,1,06270010,Ezeiza,35268,100.00%,
291A,06260,Esteban Echeverría,localidad_unica,radios_clc_unico,alta,06260010,Esteban Echeverría,100.00%,22,22,0,25951,0,1,06260010,Esteban Echeverría,25951,100.00%,
302A,06274,Florencio Varela,localidad_unica,radios_clc_unico,alta,06274010,Florencio Varela,100.00%,61,61,0,79001,0,1,06274010,Florencio Varela,79001,100.00%,
302B,06274,Florencio Varela,localidad_unica,radios_clc_unico,alta,06274010,Florencio Varela,100.00%,29,29,0,36468,0,1,06274010,Florencio Varela,36468,100.00%,
302C,06274,Florencio Varela,localidad_unica,radios_clc_unico,alta,06274010,Florencio Varela,100.00%,40,40,0,45716,0,1,06274010,Florencio Varela,45716,100.00%,
302D,06274,Florencio Varela,localidad_unica,radios_clc_unico,alta,06274010,Florencio Varela,100.00%,23,23,0,28725,0,1,06274010,Florencio Varela,28725,100.00%,
302E,06274,Florencio Varela,localidad_unica,radios_clc_unico,alta,06274010,Florencio Varela,100.00%,62,62,0,72726,0,1,06274010,Florencio Varela,72726,100.00%,
302F,06274,Florencio Varela,localidad_unica,radios_clc_unico,alta,06274010,Florencio Varela,100.00%,21,21,0,14178,0,1,06274010,Florencio Varela,14178,100.00%,
303A,06274,Florencio Varela,localidad_unica,radios_clc_unico,alta,06274010,Florencio Varela,100.00%,13,13,0,15161,0,1,06274010,Florencio Varela,15161,100.00%,
303B,06274,Florencio Varela,localidad_unica,radios_clc_unico,alta,06274010,Florencio Varela,100.00%,42,42,0,49015,0,1,06274010,Florencio Varela,49015,100.00%,
304A,06648,Presidente Perón,localidad_unica,radios_clc_unico,alta,06648010,Presidente Perón,100.00%,38,38,0,42231,0,1,06648010,Presidente Perón,42231,100.00%,
304B,06648,Presidente Perón,localidad_unica,radios_clc_unico,alta,06648010,Presidente Perón,100.00%,34,34,0,27234,0,1,06648010,Presidente Perón,27234,100.00%,
304C,06648,Presidente Perón,localidad_unica,radios_clc_unico,alta,06648010,Presidente Perón,100.00%,6,6,0,5830,0,1,06648010,Presidente Perón,5830,100.00%,
314A,06294,General Arenales,sin_localidad_mas2000,,,,,,6,0,6,0,69,0,,,,,
316A,06294,General Arenales,sin_localidad_mas2000,,,,,,2,0,2,0,364,0,,,,,
337A,06420,La Costa,localidad_unica,radios_clc_unico,alta,06420040,Mar del Tuyú - Mar de Ajó - San Bernardo,100.00%,35,35,0,7667,0,1,06420040,Mar del Tuyú - Mar de Ajó - San Bernardo,7667,100.00%,
337B,06420,La Costa,localidad_unica,radios_clc_unico,alta,06420040,Mar del Tuyú - Mar de Ajó - San Bernardo,100.00%,83,82,1,22787,0,1,06420040,Mar del Tuyú - Mar de Ajó - San Bernardo,22787,100.00%,
337C,06420,La Costa,localidad_unica,radios_clc_unico,alta,06420040,Mar del Tuyú - Mar de Ajó - San Bernardo,100.00%,54,54,0,11376,0,1,06420040,Mar del Tuyú - Mar de Ajó - San Bernardo,11376,100.00%,
337D,06420,La Costa,localidad_unica,radios_clc_unico,alta,06420040,Mar del Tuyú - Mar de Ajó - San Bernardo,100.00%,103,102,1,15401,1,1,06420040,Mar del Tuyú - Mar de Ajó - San Bernardo,15401,100.00%,
337E,06420,La Costa,localidad_unica,radios_clc_unico,alta,06420040,Mar del Tuyú - Mar de Ajó - San Bernardo,100.00%,85,72,13,25785,611,1,06420040,Mar del Tuyú - Mar de Ajó - San Bernardo,25785,100.00%,
338A,06336,General Lavalle,sin_localidad_mas2000,,,,,,8,0,8,0,1772,0,,,,,
338B,06336,General Lavalle,sin_radios,,,,,,0,0,0,0,0,0,,,,,
339A,06644,Pinamar,localidad_unica,radios_clc_unico,alta,06644010,Pinamar,100.00%,22,22,0,17405,0,1,06644010,Pinamar,17405,100.00%,
339B,06644,Pinamar,localidad_unica,radios_clc_unico,alta,06644010,Pinamar,100.00%,17,17,0,6663,0,1,06644010,Pinamar,6663,100.00%,
339C,06644,Pinamar,localidad_unica,radios_clc_unico,alta,06644010,Pinamar,100.00%,11,10,1,850,4,1,06644010,Pinamar,850,100.00%,
361A,06277,Florentino Ameghino,sin_localidad_mas2000,,,,,,3,0,3,0,257,0,,,,,
364A,06357,General Pueyrredón,localidad_unica,radios_clc_unico,alta,06357110,Mar del Plata,100.00%,37,37,0,24360,0,1,06357110,Mar del Plata,24360,100.00%,
364B,06357,General Pueyrredón,localidad_unica,radios_clc_unico,alta,06357110,Mar del Plata,100.00%,20,20,0,17909,0,1,06357110,Mar del Plata,17909,100.00%,
364C,06357,General Pueyrredón,localidad_unica,radios_clc_unico,alta,06357110,Mar del Plata,100.00%,27,27,0,21546,0,1,06357110,Mar del Plata,21546,100.00%,
364D,06357,General Pueyrredón,localidad_unica,radios_clc_unico,alta,06357110,Mar del Plata,100.00%,48,48,0,40047,0,1,06357110,Mar del Plata,40047,100.00%,
364E,06357,General Pueyrredón,localidad_unica,radios_clc_unico,alta,06357110,Mar del Plata,100.00%,35,35,0,33852,0,1,06357110,Mar del Plata,33852,100.00%,
365A,06357,General Pueyrredón,localidad_unica,radios_clc_unico,alta,06357110,Mar del Plata,100.00%,27,27,0,22763,0,1,06357110,Mar del Plata,22763,100.00%,
365B,06357,General Pueyrredón,localidad_unica,radios_clc_unico,alta,06357110,Mar del Plata,100.00%,12,12,0,10921,0,1,06357110,Mar del Plata,10921,100.00%,
365C,06357,General Pueyrredón,localidad_unica,radios_clc_unico,alta,06357110,Mar del Plata,100.00%,28,28,0,25546,0,1,06357110,Mar del Plata,25546,100.00%,
365D,06357,General Pueyrredón,localidad_unica,radios_clc_unico,alta,06357110,Mar del Plata,100.00%,17,17,0,17338,0,1,06357110,Mar del Plata,17338,100.00%,
365E,06357,General Pueyrredón,localidad_unica,radios_clc_unico,alta,06357110,Mar del Plata,100.00%,20,20,0,17839,0,1,06357110,Mar del Plata,17839,100.00%,
365F,06357,General Pueyrredón,localidad_unica,radios_clc_unico,alta,06357110,Mar del Plata,100.00%,22,22,0,20791,0,1,06357110,Mar del Plata,20791,100.00%,
366A,06357,General Pueyrredón,localidad_unica,radios_clc_unico,alta,06357110,Mar del Plata,100.00%,93,93,0,58827,0,1,06357110,Mar del Plata,58827,100.00%,
368A,06357,General Pueyrredón,localidad_unica,radios_clc_unico,alta,06357110,Mar del Plata,100.00%,7,7,0,4426,0,1,06357110,Mar del Plata,4426,100.00%,
368B,06357,General Pueyrredón,localidad_unica,radios_clc_unico,alta,06357110,Mar del Plata,100.00%,18,15,3,8359,124,1,06357110,Mar del Plata,8359,100.00%,
368C,06357,General Pueyrredón,sin_localidad_mas2000,,,,,,3,0,3,0,463,0,,,,,
370A,06357,General Pueyrredón,localidad_unica,radios_clc_unico,alta,06357110,Mar del Plata,100.00%,25,25,0,11167,0,1,06357110,Mar del Plata,11167,100.00%,
370B,06357,General Pueyrredón,localidad_unica,radios_clc_unico,alta,06357110,Mar del Plata,100.00%,8,8,0,2194,0,1,06357110,Mar del Plata,2194,100.00%,
370C,06357,General Pueyrredón,localidad_unica,radios_clc_unico,alta,06357080,Chapadmalal,100.00%,12,11,1,1828,52,1,06357080,Chapadmalal,1828,100.00%,
370D,06357,General Pueyrredón,multilocalidad_clasificada,mayor_poblacion_radios,alta,06357080,Chapadmalal,76.43%,32,31,1,2788,43,2,06357080 | 06357090,Chapadmalal | El Marquesado,2131 | 657,76.43% | 23.57%,
370E,06357,General Pueyrredón,localidad_unica,radios_clc_unico,alta,06357110,Mar del Plata,100.00%,15,14,1,7836,131,1,06357110,Mar del Plata,7836,100.00%,
370F,06357,General Pueyrredón,localidad_unica,radios_clc_unico,alta,06357110,Mar del Plata,100.00%,27,27,0,25542,0,1,06357110,Mar del Plata,25542,100.00%,
370G,06357,General Pueyrredón,localidad_unica,radios_clc_unico,alta,06357110,Mar del Plata,100.00%,22,16,6,12665,1082,1,06357110,Mar del Plata,12665,100.00%,
377A,06371,General San Martín,localidad_unica,radios_clc_unico,alta,06371010,General San Martín,100.00%,81,81,0,72455,0,1,06371010,General San Martín,72455,100.00%,
388A,06371,General San Martín,localidad_unica,radios_clc_unico,alta,06371010,General San Martín,100.00%,39,39,0,35725,0,1,06371010,General San Martín,35725,100.00%,
388B,06371,General San Martín,localidad_unica,radios_clc_unico,alta,06371010,General San Martín,100.00%,54,54,0,44134,0,1,06371010,General San Martín,44134,100.00%,
388C,06371,General San Martín,localidad_unica,radios_clc_unico,alta,06371010,General San Martín,100.00%,30,30,0,24253,0,1,06371010,General San Martín,24253,100.00%,
394A,06840,Tres De Febrero,localidad_unica,radios_clc_unico,alta,06840010,Tres de Febrero,100.00%,24,24,0,15361,0,1,06840010,Tres de Febrero,15361,100.00%,
397A,06760,San Miguel,localidad_unica,radios_clc_unico,alta,06760010,San Miguel,100.00%,29,29,0,30489,0,1,06760010,San Miguel,30489,100.00%,
397B,06760,San Miguel,localidad_unica,radios_clc_unico,alta,06760010,San Miguel,100.00%,39,39,0,48653,0,1,06760010,San Miguel,48653,100.00%,
397C,06760,San Miguel,localidad_unica,radios_clc_unico,alta,06760010,San Miguel,100.00%,12,12,0,11764,0,1,06760010,San Miguel,11764,100.00%,
398A,06412,José C. Paz,localidad_unica,radios_clc_unico,alta,06412010,José C. Paz,100.00%,95,95,0,115334,0,1,06412010,José C. Paz,115334,100.00%,
398B,06412,José C. Paz,localidad_unica,radios_clc_unico,alta,06412010,José C. Paz,100.00%,76,76,0,92363,0,1,06412010,José C. Paz,92363,100.00%,
399A,06515,Malvinas Argentinas,localidad_unica,radios_clc_unico,alta,06515010,Malvinas Argentinas,100.00%,41,41,0,51614,0,1,06515010,Malvinas Argentinas,51614,100.00%,
399B,06515,Malvinas Argentinas,localidad_unica,radios_clc_unico,alta,06515010,Malvinas Argentinas,100.00%,37,37,0,42060,0,1,06515010,Malvinas Argentinas,42060,100.00%,
399C,06515,Malvinas Argentinas,localidad_unica,radios_clc_unico,alta,06515010,Malvinas Argentinas,100.00%,6,6,0,3389,0,1,06515010,Malvinas Argentinas,3389,100.00%,
399D,06515,Malvinas Argentinas,localidad_unica,radios_clc_unico,alta,06515010,Malvinas Argentinas,100.00%,47,47,0,45949,0,1,06515010,Malvinas Argentinas,45949,100.00%,
399E,06515,Malvinas Argentinas,localidad_unica,radios_clc_unico,alta,06515010,Malvinas Argentinas,100.00%,29,29,0,29738,0,1,06515010,Malvinas Argentinas,29738,100.00%,
399F,06515,Malvinas Argentinas,localidad_unica,radios_clc_unico,alta,06515010,Malvinas Argentinas,100.00%,60,60,0,56396,0,1,06515010,Malvinas Argentinas,56396,100.00%,
399G,06515,Malvinas Argentinas,localidad_unica,radios_clc_unico,alta,06515010,Malvinas Argentinas,100.00%,22,22,0,31311,0,1,06515010,Malvinas Argentinas,31311,100.00%,
401A,06760,San Miguel,localidad_unica,radios_clc_unico,alta,06760010,San Miguel,100.00%,48,48,0,43905,0,1,06760010,San Miguel,43905,100.00%,
491A,06245,Ensenada,localidad_unica,radios_clc_unico,alta,06245010,Ensenada,100.00%,17,17,0,14076,0,1,06245010,Ensenada,14076,100.00%,
496A,06441,La Plata,localidad_unica,radios_clc_unico,alta,06441030,La Plata,100.00%,25,25,0,23913,0,1,06441030,La Plata,23913,100.00%,
496B,06441,La Plata,localidad_unica,radios_clc_unico,alta,06441030,La Plata,100.00%,17,17,0,16593,0,1,06441030,La Plata,16593,100.00%,
496C,06441,La Plata,localidad_unica,radios_clc_unico,alta,06441030,La Plata,100.00%,22,22,0,20407,0,1,06441030,La Plata,20407,100.00%,
496D,06441,La Plata,localidad_unica,radios_clc_unico,alta,06441030,La Plata,100.00%,24,24,0,19852,0,1,06441030,La Plata,19852,100.00%,
496E,06441,La Plata,localidad_unica,radios_clc_unico,alta,06441030,La Plata,100.00%,15,15,0,8965,0,1,06441030,La Plata,8965,100.00%,
496F,06441,La Plata,localidad_unica,radios_clc_unico,alta,06441030,La Plata,100.00%,1,1,0,157,0,1,06441030,La Plata,157,100.00%,
497A,06441,La Plata,localidad_unica,radios_clc_unico,alta,06441030,La Plata,100.00%,3,3,0,859,0,1,06441030,La Plata,859,100.00%,
497B,06441,La Plata,localidad_unica,radios_clc_unico,alta,06441030,La Plata,100.00%,14,14,0,12067,0,1,06441030,La Plata,12067,100.00%,
497C,06441,La Plata,localidad_unica,radios_clc_unico,alta,06441030,La Plata,100.00%,10,10,0,12030,0,1,06441030,La Plata,12030,100.00%,
497D,06441,La Plata,localidad_unica,radios_clc_unico,alta,06441030,La Plata,100.00%,12,12,0,13899,0,1,06441030,La Plata,13899,100.00%,
497E,06441,La Plata,localidad_unica,radios_clc_unico,alta,06441030,La Plata,100.00%,20,20,0,17452,0,1,06441030,La Plata,17452,100.00%,
497F,06441,La Plata,localidad_unica,radios_clc_unico,alta,06441030,La Plata,100.00%,8,8,0,5534,0,1,06441030,La Plata,5534,100.00%,
503A,06441,La Plata,localidad_unica,radios_clc_unico,alta,06441030,La Plata,100.00%,14,14,0,13225,0,1,06441030,La Plata,13225,100.00%,
504A,06441,La Plata,localidad_unica,radios_clc_unico,alta,06441030,La Plata,100.00%,42,42,0,35063,0,1,06441030,La Plata,35063,100.00%,
505A,06441,La Plata,localidad_unica,radios_clc_unico,alta,06441030,La Plata,100.00%,25,25,0,17717,0,1,06441030,La Plata,17717,100.00%,
505B,06441,La Plata,localidad_unica,radios_clc_unico,alta,06441030,La Plata,100.00%,12,11,1,5998,575,1,06441030,La Plata,5998,100.00%,
508A,06441,La Plata,localidad_unica,radios_clc_unico,alta,06441030,La Plata,100.00%,19,19,0,19320,0,1,06441030,La Plata,19320,100.00%,
508B,06441,La Plata,localidad_unica,radios_clc_unico,alta,06441030,La Plata,100.00%,11,11,0,11722,0,1,06441030,La Plata,11722,100.00%,
508C,06441,La Plata,localidad_unica,radios_clc_unico,alta,06441030,La Plata,100.00%,10,10,0,12541,0,1,06441030,La Plata,12541,100.00%,
508D,06441,La Plata,localidad_unica,radios_clc_unico,alta,06441030,La Plata,100.00%,17,17,0,15653,0,1,06441030,La Plata,15653,100.00%,
508E,06441,La Plata,localidad_unica,radios_clc_unico,alta,06441030,La Plata,100.00%,14,14,0,12965,0,1,06441030,La Plata,12965,100.00%,
508F,06441,La Plata,localidad_unica,radios_clc_unico,alta,06441030,La Plata,100.00%,4,4,0,2678,0,1,06441030,La Plata,2678,100.00%,
508G,06441,La Plata,localidad_unica,radios_clc_unico,alta,06441030,La Plata,100.00%,2,2,0,1313,0,1,06441030,La Plata,1313,100.00%,
509A,06441,La Plata,localidad_unica,radios_clc_unico,alta,06441030,La Plata,100.00%,17,17,0,12819,0,1,06441030,La Plata,12819,100.00%,
513A,06098,Berisso,localidad_unica,radios_clc_unico,alta,06098010,Berisso,100.00%,24,24,0,22506,0,1,06098010,Berisso,22506,100.00%,
534A,06805,Tigre,localidad_unica,radios_clc_unico,alta,06805010,Tigre,100.00%,85,85,0,88291,0,1,06805010,Tigre,88291,100.00%,
535A,06805,Tigre,localidad_unica,radios_clc_unico,alta,06805010,Tigre,100.00%,52,52,0,61234,0,1,06805010,Tigre,61234,100.00%,
536A,06805,Tigre,localidad_unica,radios_clc_unico,alta,06805010,Tigre,100.00%,19,19,0,19582,0,1,06805010,Tigre,19582,100.00%,
548A,06329,General Las Heras,sin_localidad_mas2000,,,,,,4,0,4,0,488,0,,,,,
548B,06329,General Las Heras,sin_localidad_mas2000,,,,,,3,0,3,0,140,0,,,,,
567A,06469,Lincoln,sin_localidad_mas2000,,,,,,2,0,2,0,488,0,,,,,
568A,06476,Lobería,sin_localidad_mas2000,,,,,,4,0,4,0,647,0,,,,,
569A,06476,Lobería,sin_localidad_mas2000,,,,,,4,0,4,0,123,0,,,,,
576A,06483,Lobos,localidad_unica,radios_clc_unico,alta,06483040,Lobos,100.00%,6,3,3,775,252,1,06483040,Lobos,775,100.00%,
583A,06490,Lomas De Zamora,localidad_unica,radios_clc_unico,alta,06490010,Lomas de Zamora,100.00%,44,44,0,58060,0,1,06490010,Lomas de Zamora,58060,100.00%,
583B,06490,Lomas De Zamora,localidad_unica,radios_clc_unico,alta,06490010,Lomas de Zamora,100.00%,41,41,0,50735,0,1,06490010,Lomas de Zamora,50735,100.00%,
583C,06490,Lomas De Zamora,localidad_unica,radios_clc_unico,alta,06490010,Lomas de Zamora,100.00%,30,30,0,34939,0,1,06490010,Lomas de Zamora,34939,100.00%,
583D,06490,Lomas De Zamora,localidad_unica,radios_clc_unico,alta,06490010,Lomas de Zamora,100.00%,33,33,0,40711,0,1,06490010,Lomas de Zamora,40711,100.00%,
583E,06490,Lomas De Zamora,localidad_unica,radios_clc_unico,alta,06490010,Lomas de Zamora,100.00%,50,50,0,58804,0,1,06490010,Lomas de Zamora,58804,100.00%,
590A,06490,Lomas De Zamora,localidad_unica,radios_clc_unico,alta,06490010,Lomas de Zamora,100.00%,54,54,0,53542,0,1,06490010,Lomas de Zamora,53542,100.00%,
593A,06490,Lomas De Zamora,localidad_unica,radios_clc_unico,alta,06490010,Lomas de Zamora,100.00%,19,19,0,14333,0,1,06490010,Lomas de Zamora,14333,100.00%,
613A,06655,Punta Indio,sin_localidad_mas2000,,,,,,4,0,4,0,1258,0,,,,,
613B,06655,Punta Indio,sin_localidad_mas2000,,,,,,9,0,9,0,1218,0,,,,,
617A,06511,Maipú,sin_localidad_mas2000,,,,,,4,0,4,0,208,0,,,,,
621A,06518,Mar Chiquita,sin_localidad_mas2000,,,,,,3,0,3,0,56,0,,,,,
622A,06518,Mar Chiquita,localidad_unica,radios_clc_unico,alta,06518060,Santa Clara del Mar,100.00%,41,39,2,13580,32,1,06518060,Santa Clara del Mar,13580,100.00%,
622B,06518,Mar Chiquita,sin_localidad_mas2000,,,,,,19,0,19,0,2470,0,,,,,
624A,06525,Marcos Paz,multilocalidad_clasificada,mayor_poblacion_radios,alta,06525005,Barrio Lisandro de La Torre y Santa Marta,90.05%,6,3,3,1759,450,2,06525005 | 06525010,Barrio Lisandro de La Torre y Santa Marta | Barrio Santa Rosa,1584 | 175,90.05% | 9.95%,
626A,06427,La Matanza,localidad_unica,radios_clc_unico,alta,06427010,La Matanza,100.00%,51,51,0,47869,0,1,06427010,La Matanza,47869,100.00%,
629A,06427,La Matanza,localidad_unica,radios_clc_unico,alta,06427010,La Matanza,100.00%,67,67,0,78471,0,1,06427010,La Matanza,78471,100.00%,
629B,06427,La Matanza,localidad_unica,radios_clc_unico,alta,06427010,La Matanza,100.00%,52,52,0,67505,0,1,06427010,La Matanza,67505,100.00%,
631A,06427,La Matanza,localidad_unica,radios_clc_unico,alta,06427010,La Matanza,100.00%,57,57,0,75621,0,1,06427010,La Matanza,75621,100.00%,
631B,06427,La Matanza,localidad_unica,radios_clc_unico,alta,06427010,La Matanza,100.00%,17,17,0,15871,0,1,06427010,La Matanza,15871,100.00%,
631C,06427,La Matanza,localidad_unica,radios_clc_unico,alta,06427010,La Matanza,100.00%,20,20,0,31881,0,1,06427010,La Matanza,31881,100.00%,
631D,06427,La Matanza,localidad_unica,radios_clc_unico,alta,06427010,La Matanza,100.00%,49,49,0,63215,0,1,06427010,La Matanza,63215,100.00%,
632A,06427,La Matanza,localidad_unica,radios_clc_unico,alta,06427010,La Matanza,100.00%,24,24,0,22017,0,1,06427010,La Matanza,22017,100.00%,
632B,06427,La Matanza,localidad_unica,radios_clc_unico,alta,06427010,La Matanza,100.00%,8,8,0,6963,0,1,06427010,La Matanza,6963,100.00%,
635A,06427,La Matanza,localidad_unica,radios_clc_unico,alta,06427010,La Matanza,100.00%,130,130,0,158418,0,1,06427010,La Matanza,158418,100.00%,
635B,06427,La Matanza,localidad_unica,radios_clc_unico,alta,06427010,La Matanza,100.00%,148,148,0,188969,0,1,06427010,La Matanza,188969,100.00%,
635C,06427,La Matanza,localidad_unica,radios_clc_unico,alta,06427010,La Matanza,100.00%,97,97,0,114042,0,1,06427010,La Matanza,114042,100.00%,
635D,06427,La Matanza,localidad_unica,radios_clc_unico,alta,06427010,La Matanza,100.00%,82,82,0,112392,0,1,06427010,La Matanza,112392,100.00%,
635E,06427,La Matanza,localidad_unica,radios_clc_unico,alta,06427010,La Matanza,100.00%,84,84,0,109662,0,1,06427010,La Matanza,109662,100.00%,
635F,06427,La Matanza,localidad_unica,radios_clc_unico,alta,06427010,La Matanza,100.00%,6,6,0,2443,0,1,06427010,La Matanza,2443,100.00%,
652A,06539,Merlo,localidad_unica,radios_clc_unico,alta,06539010,Merlo,100.00%,160,160,0,197945,0,1,06539010,Merlo,197945,100.00%,
655A,06539,Merlo,localidad_unica,radios_clc_unico,alta,06539010,Merlo,100.00%,88,88,0,99204,0,1,06539010,Merlo,99204,100.00%,
663A,06560,Moreno,localidad_unica,radios_clc_unico,alta,06560010,Moreno,100.00%,70,70,0,73637,0,1,06560010,Moreno,73637,100.00%,
663B,06560,Moreno,localidad_unica,radios_clc_unico,alta,06560010,Moreno,100.00%,69,69,0,74610,0,1,06560010,Moreno,74610,100.00%,
663C,06560,Moreno,localidad_unica,radios_clc_unico,alta,06560010,Moreno,100.00%,126,126,0,145634,0,1,06560010,Moreno,145634,100.00%,
663D,06560,Moreno,localidad_unica,radios_clc_unico,alta,06560010,Moreno,100.00%,64,64,0,80989,0,1,06560010,Moreno,80989,100.00%,
664A,06560,Moreno,localidad_unica,radios_clc_unico,alta,06560010,Moreno,100.00%,40,40,0,44938,0,1,06560010,Moreno,44938,100.00%,
664B,06560,Moreno,localidad_unica,radios_clc_unico,alta,06560010,Moreno,100.00%,55,55,0,56455,0,1,06560010,Moreno,56455,100.00%,
666A,06410,Ituzaingó,localidad_unica,radios_clc_unico,alta,06410010,Ituzaingó,100.00%,41,41,0,45729,0,1,06410010,Ituzaingó,45729,100.00%,
668A,06408,Hurlingham,localidad_unica,radios_clc_unico,alta,06408010,Hurlingham,100.00%,69,66,0,69676,0,1,06408010,Hurlingham,69676,100.00%,067600613 | 067601311 | 067601310
668B,06408,Hurlingham,localidad_unica,radios_clc_unico,alta,06408010,Hurlingham,100.00%,70,70,0,66558,0,1,06408010,Hurlingham,66558,100.00%,
681A,06574,Navarro,sin_localidad_mas2000,,,,,,3,0,3,0,330,0,,,,,
686A,06581,Necochea,localidad_unica,radios_clc_unico,alta,06581040,Necochea ? Quequén,100.00%,31,31,0,19397,0,1,06581040,Necochea ? Quequén,19397,100.00%,
691A,06581,Necochea,sin_localidad_mas2000,,,,,,2,0,2,0,80,0,,,,,
701A,06588,9 De Julio,sin_localidad_mas2000,,,,,,1,0,1,0,87,0,,,,,
705A,06588,9 De Julio,localidad_unica,radios_clc_unico,alta,06588100,9 de Julio,100.00%,5,3,2,526,153,1,06588100,9 de Julio,526,100.00%,
711A,06595,Olavarría,localidad_unica,radios_clc_unico,alta,06595070,Olavarría,100.00%,16,16,0,10018,0,1,06595070,Olavarría,10018,100.00%,
711B,06595,Olavarría,localidad_unica,radios_clc_unico,alta,06595070,Olavarría,100.00%,15,15,0,12280,0,1,06595070,Olavarría,12280,100.00%,
711C,06595,Olavarría,localidad_unica,radios_clc_unico,alta,06595070,Olavarría,100.00%,21,21,0,17751,0,1,06595070,Olavarría,17751,100.00%,
711D,06595,Olavarría,localidad_unica,radios_clc_unico,alta,06595070,Olavarría,100.00%,32,32,0,23893,0,1,06595070,Olavarría,23893,100.00%,
711E,06595,Olavarría,localidad_unica,radios_clc_unico,alta,06595070,Olavarría,100.00%,24,24,0,21029,0,1,06595070,Olavarría,21029,100.00%,
718A,06595,Olavarría,sin_localidad_mas2000,,,,,,2,0,2,0,23,0,,,,,
719A,06595,Olavarría,localidad_unica,radios_clc_unico,alta,06595110,Sierras Bayas,100.00%,3,2,1,1007,23,1,06595110,Sierras Bayas,1007,100.00%,
723A,06595,Olavarría,sin_localidad_mas2000,,,,,,1,0,1,0,99,0,,,,,
731A,06602,Patagones,sin_localidad_mas2000,,,,,,1,0,1,0,35,0,,,,,
734A,06609,Pehuajó,sin_localidad_mas2000,,,,,,3,0,3,0,224,0,,,,,
738A,06609,Pehuajó,sin_localidad_mas2000,,,,,,10,0,10,0,198,0,,,,,
742A,06406,Hipólito Yrigoyen,sin_localidad_mas2000,,,,,,5,0,5,0,179,0,,,,,
742B,06406,Hipólito Yrigoyen,sin_localidad_mas2000,,,,,,5,0,5,0,252,0,,,,,
746A,06721,Salliqueló,sin_localidad_mas2000,,,,,,4,0,4,0,721,0,,,,,
747A,06623,Pergamino,sin_localidad_mas2000,,,,,,3,0,3,0,394,0,,,,,
748A,06623,Pergamino,localidad_unica,radios_clc_unico,alta,06623100,Pergamino,100.00%,27,27,0,22176,0,1,06623100,Pergamino,22176,100.00%,
748B,06623,Pergamino,localidad_unica,radios_clc_unico,alta,06623100,Pergamino,100.00%,31,26,5,19097,123,1,06623100,Pergamino,19097,100.00%,
748C,06623,Pergamino,localidad_unica,radios_clc_unico,alta,06623100,Pergamino,100.00%,22,20,2,19079,304,1,06623100,Pergamino,19079,100.00%,
748D,06623,Pergamino,localidad_unica,radios_clc_unico,alta,06623100,Pergamino,100.00%,30,27,3,22812,93,1,06623100,Pergamino,22812,100.00%,
748E,06623,Pergamino,sin_localidad_mas2000,,,,,,1,0,1,0,167,0,,,,,
753A,06623,Pergamino,sin_localidad_mas2000,,,,,,3,0,3,0,93,0,,,,,
754A,06623,Pergamino,sin_localidad_mas2000,,,,,,4,0,4,0,1110,0,,,,,
765A,06630,Pila,sin_localidad_mas2000,,,,,,2,0,2,0,293,0,,,,,
768A,06638,Pilar,localidad_unica,radios_clc_unico,alta,06638040,Pilar,100.00%,29,29,0,25148,0,1,06638040,Pilar,25148,100.00%,
768B,06638,Pilar,localidad_unica,radios_clc_unico,alta,06638040,Pilar,100.00%,29,29,0,29090,0,1,06638040,Pilar,29090,100.00%,
768C,06638,Pilar,localidad_unica,radios_clc_unico,alta,06638040,Pilar,100.00%,47,47,0,37459,0,1,06638040,Pilar,37459,100.00%,
769A,06638,Pilar,localidad_unica,radios_clc_unico,alta,06638040,Pilar,100.00%,12,12,0,8155,0,1,06638040,Pilar,8155,100.00%,
770A,06638,Pilar,localidad_unica,radios_clc_unico,alta,06638040,Pilar,100.00%,7,7,0,5145,0,1,06638040,Pilar,5145,100.00%,
770B,06638,Pilar,localidad_unica,radios_clc_unico,alta,06638040,Pilar,100.00%,8,8,0,7803,0,1,06638040,Pilar,7803,100.00%,
770C,06638,Pilar,localidad_unica,radios_clc_unico,alta,06638040,Pilar,100.00%,15,15,0,9656,0,1,06638040,Pilar,9656,100.00%,
770D,06638,Pilar,localidad_unica,radios_clc_unico,alta,06638040,Pilar,100.00%,25,25,0,26414,0,1,06638040,Pilar,26414,100.00%,
770E,06638,Pilar,localidad_unica,radios_clc_unico,alta,06638040,Pilar,100.00%,6,6,0,7560,0,1,06638040,Pilar,7560,100.00%,
770F,06638,Pilar,localidad_unica,radios_clc_unico,alta,06638040,Pilar,100.00%,20,20,0,19873,0,1,06638040,Pilar,19873,100.00%,
771A,06638,Pilar,localidad_unica,radios_clc_unico,alta,06638040,Pilar,100.00%,11,11,0,11432,0,1,06638040,Pilar,11432,100.00%,
771B,06638,Pilar,localidad_unica,radios_clc_unico,alta,06638040,Pilar,100.00%,17,17,0,13815,0,1,06638040,Pilar,13815,100.00%,
771C,06638,Pilar,localidad_unica,radios_clc_unico,alta,06638040,Pilar,100.00%,29,29,0,29146,0,1,06638040,Pilar,29146,100.00%,
771D,06638,Pilar,localidad_unica,radios_clc_unico,alta,06638040,Pilar,100.00%,41,41,0,37638,0,1,06638040,Pilar,37638,100.00%,
772A,06638,Pilar,localidad_unica,radios_clc_unico,alta,06638040,Pilar,100.00%,23,23,0,24531,0,1,06638040,Pilar,24531,100.00%,
772B,06638,Pilar,localidad_unica,radios_clc_unico,alta,06638040,Pilar,100.00%,9,9,0,9267,0,1,06638040,Pilar,9267,100.00%,
773A,06252,Escobar,localidad_unica,radios_clc_unico,alta,06252010,Escobar,100.00%,101,101,0,95209,0,1,06252010,Escobar,95209,100.00%,
773B,06252,Escobar,localidad_unica,radios_clc_unico,alta,06252010,Escobar,100.00%,25,25,0,23758,0,1,06252010,Escobar,23758,100.00%,
775A,06252,Escobar,sin_localidad_mas2000,,,,,,2,0,2,0,609,0,,,,,
777A,06651,Puán,sin_localidad_mas2000,,,,,,6,0,6,0,123,0,,,,,
783A,06658,Quilmes,localidad_unica,radios_clc_unico,alta,06658010,Quilmes,100.00%,27,27,0,30715,0,1,06658010,Quilmes,30715,100.00%,
785A,06658,Quilmes,localidad_unica,radios_clc_unico,alta,06658010,Quilmes,100.00%,31,31,0,30381,0,1,06658010,Quilmes,30381,100.00%,
785B,06658,Quilmes,localidad_unica,radios_clc_unico,alta,06658010,Quilmes,100.00%,54,54,0,56828,0,1,06658010,Quilmes,56828,100.00%,
786A,06658,Quilmes,localidad_unica,radios_clc_unico,alta,06658010,Quilmes,100.00%,22,22,0,23891,0,1,06658010,Quilmes,23891,100.00%,
787A,06658,Quilmes,localidad_unica,radios_clc_unico,alta,06658010,Quilmes,100.00%,43,43,0,30788,0,1,06658010,Quilmes,30788,100.00%,
788A,06658,Quilmes,localidad_unica,radios_clc_unico,alta,06658010,Quilmes,100.00%,56,56,0,63684,0,1,06658010,Quilmes,63684,100.00%,
788B,06658,Quilmes,localidad_unica,radios_clc_unico,alta,06658010,Quilmes,100.00%,32,32,0,41113,0,1,06658010,Quilmes,41113,100.00%,
788C,06658,Quilmes,localidad_unica,radios_clc_unico,alta,06658010,Quilmes,100.00%,40,40,0,48157,0,1,06658010,Quilmes,48157,100.00%,
789A,06091,Berazategui,localidad_unica,radios_clc_unico,alta,06091010,Berazategui,100.00%,36,36,0,40958,0,1,06091010,Berazategui,40958,100.00%,
789B,06091,Berazategui,localidad_unica,radios_clc_unico,alta,06091010,Berazategui,100.00%,21,21,0,20050,0,1,06091010,Berazategui,20050,100.00%,
789C,06091,Berazategui,localidad_unica,radios_clc_unico,alta,06091010,Berazategui,100.00%,32,32,0,27006,0,1,06091010,Berazategui,27006,100.00%,
789D,06091,Berazategui,localidad_unica,radios_clc_unico,alta,06091010,Berazategui,100.00%,21,21,0,25336,0,1,06091010,Berazategui,25336,100.00%,
789E,06091,Berazategui,localidad_unica,radios_clc_unico,alta,06091010,Berazategui,100.00%,21,21,0,21339,0,1,06091010,Berazategui,21339,100.00%,
789F,06091,Berazategui,localidad_unica,radios_clc_unico,alta,06091010,Berazategui,100.00%,18,18,0,16399,0,1,06091010,Berazategui,16399,100.00%,
790A,06091,Berazategui,localidad_unica,radios_clc_unico,alta,06091010,Berazategui,100.00%,12,12,0,14000,0,1,06091010,Berazategui,14000,100.00%,
791A,06658,Quilmes,localidad_unica,radios_clc_unico,alta,06658010,Quilmes,100.00%,42,42,0,46084,0,1,06658010,Quilmes,46084,100.00%,
791B,06658,Quilmes,localidad_unica,radios_clc_unico,alta,06658010,Quilmes,100.00%,33,33,0,36347,0,1,06658010,Quilmes,36347,100.00%,
792A,06091,Berazategui,localidad_unica,radios_clc_unico,alta,06091010,Berazategui,100.00%,21,21,0,23216,0,1,06091010,Berazategui,23216,100.00%,
792B,06091,Berazategui,localidad_unica,radios_clc_unico,alta,06091010,Berazategui,100.00%,22,22,0,18105,0,1,06091010,Berazategui,18105,100.00%,
792C,06091,Berazategui,localidad_unica,radios_clc_unico,alta,06091010,Berazategui,100.00%,20,20,0,21862,0,1,06091010,Berazategui,21862,100.00%,
792D,06091,Berazategui,localidad_unica,radios_clc_unico,alta,06091010,Berazategui,100.00%,22,22,0,24991,0,1,06091010,Berazategui,24991,100.00%,
846A,06707,Saladillo,sin_localidad_mas2000,,,,,,2,0,2,0,136,0,,,,,
849A,06707,Saladillo,sin_localidad_mas2000,,,,,,3,0,3,0,497,0,,,,,
855A,06714,Salto,sin_localidad_mas2000,,,,,,4,0,4,0,94,0,,,,,
857A,06714,Salto,sin_localidad_mas2000,,,,,,2,0,2,0,34,0,,,,,
857B,06714,Salto,sin_localidad_mas2000,,,,,,5,0,5,0,184,0,,,,,
862A,06728,San Andrés De Giles,sin_localidad_mas2000,,,,,,6,0,6,0,366,0,,,,,
863A,06728,San Andrés De Giles,sin_localidad_mas2000,,,,,,6,0,6,0,650,0,,,,,
864A,06728,San Andrés De Giles,sin_localidad_mas2000,,,,,,4,0,4,0,635,0,,,,,
871A,06742,San Cayetano,sin_localidad_mas2000,,,,,,1,0,1,0,99,0,,,,,
871B,06742,San Cayetano,sin_localidad_mas2000,,,,,,5,0,5,0,246,0,,,,,
871C,06742,San Cayetano,sin_localidad_mas2000,,,,,,2,0,2,0,109,0,,,,,
871D,06742,San Cayetano,sin_localidad_mas2000,,,,,,2,0,2,0,80,0,,,,,
878A,06749,San Fernando,localidad_unica,radios_clc_unico,alta,06749010,San Fernando,100.00%,15,15,0,18019,0,1,06749010,San Fernando,18019,100.00%,
879A,06749,San Fernando,localidad_unica,radios_clc_unico,alta,06749010,San Fernando,100.00%,26,26,0,24688,0,1,06749010,San Fernando,24688,100.00%,
880A,06749,San Fernando,localidad_unica,radios_clc_unico,alta,06749010,San Fernando,100.00%,9,9,0,10971,0,1,06749010,San Fernando,10971,100.00%,
880B,06749,San Fernando,localidad_unica,radios_clc_unico,alta,06749010,San Fernando,100.00%,4,4,0,4393,0,1,06749010,San Fernando,4393,100.00%,
882A,06749,San Fernando,sin_localidad_mas2000,,,,,,5,0,5,0,819,0,,,,,
892A,06756,San Isidro,localidad_unica,radios_clc_unico,alta,06756010,San Isidro,100.00%,48,48,0,41620,0,1,06756010,San Isidro,41620,100.00%,
901A,06763,San Nicolás,localidad_unica,radios_clc_unico,alta,06763050,San Nicolás de los Arroyos,100.00%,21,20,1,21075,32,1,06763050,San Nicolás de los Arroyos,21075,100.00%,
901B,06763,San Nicolás,localidad_unica,radios_clc_unico,alta,06763050,San Nicolás de los Arroyos,100.00%,24,24,0,21528,0,1,06763050,San Nicolás de los Arroyos,21528,100.00%,
907A,06763,San Nicolás,localidad_unica,radios_clc_unico,alta,06763050,San Nicolás de los Arroyos,100.00%,8,6,2,4105,78,1,06763050,San Nicolás de los Arroyos,4105,100.00%,
922A,06770,San Pedro,sin_localidad_mas2000,,,,,,2,0,2,0,22,0,,,,,
929A,06784,Suipacha,sin_localidad_mas2000,,,,,,8,0,8,0,240,0,,,,,
933A,06791,Tandil,localidad_unica,radios_clc_unico,alta,06791050,Tandil,100.00%,17,16,1,13267,8,1,06791050,Tandil,13267,100.00%,
933B,06791,Tandil,localidad_unica,radios_clc_unico,alta,06791050,Tandil,100.00%,15,15,0,10607,0,1,06791050,Tandil,10607,100.00%,
933C,06791,Tandil,localidad_unica,radios_clc_unico,alta,06791050,Tandil,100.00%,13,13,0,8844,0,1,06791050,Tandil,8844,100.00%,
933D,06791,Tandil,localidad_unica,radios_clc_unico,alta,06791050,Tandil,100.00%,8,8,0,4740,0,1,06791050,Tandil,4740,100.00%,
933E,06791,Tandil,localidad_unica,radios_clc_unico,alta,06791050,Tandil,100.00%,11,11,0,7578,0,1,06791050,Tandil,7578,100.00%,
933F,06791,Tandil,localidad_unica,radios_clc_unico,alta,06791050,Tandil,100.00%,13,13,0,9104,0,1,06791050,Tandil,9104,100.00%,
933G,06791,Tandil,localidad_unica,radios_clc_unico,alta,06791050,Tandil,100.00%,10,10,0,9703,0,1,06791050,Tandil,9703,100.00%,
933H,06791,Tandil,localidad_unica,radios_clc_unico,alta,06791050,Tandil,100.00%,5,5,0,4980,0,1,06791050,Tandil,4980,100.00%,
933I,06791,Tandil,localidad_unica,radios_clc_unico,alta,06791050,Tandil,100.00%,13,13,0,11944,0,1,06791050,Tandil,11944,100.00%,
933J,06791,Tandil,localidad_unica,radios_clc_unico,alta,06791050,Tandil,100.00%,12,12,0,8844,0,1,06791050,Tandil,8844,100.00%,
933K,06791,Tandil,localidad_unica,radios_clc_unico,alta,06791050,Tandil,100.00%,33,33,0,17983,0,1,06791050,Tandil,17983,100.00%,
933L,06791,Tandil,localidad_unica,radios_clc_unico,alta,06791050,Tandil,100.00%,48,48,0,30810,0,1,06791050,Tandil,30810,100.00%,
933M,06791,Tandil,sin_localidad_mas2000,,,,,,6,0,6,0,636,0,,,,,
955A,06819,Tornquist,localidad_unica,radios_clc_unico,alta,06819030,Sierra de la Ventana,100.00%,9,8,1,2649,26,1,06819030,Sierra de la Ventana,2649,100.00%,
955B,06819,Tornquist,sin_localidad_mas2000,,,,,,3,0,3,0,952,0,,,,,
959A,06826,Trenque Lauquen,sin_localidad_mas2000,,,,,,3,0,3,0,102,0,,,,,
961A,06826,Trenque Lauquen,sin_localidad_mas2000,,,,,,9,0,9,0,763,0,,,,,
961B,06826,Trenque Lauquen,sin_localidad_mas2000,,,,,,4,0,4,0,161,0,,,,,
961D,06826,Trenque Lauquen,sin_localidad_mas2000,,,,,,4,0,4,0,147,0,,,,,
973A,06833,Tres Arroyos,localidad_unica,radios_clc_unico,alta,06833020,Claromecó,100.00%,14,14,0,2442,0,1,06833020,Claromecó,2442,100.00%,
975A,06833,Tres Arroyos,sin_localidad_mas2000,,,,,,2,0,2,0,97,0,,,,,
975B,06833,Tres Arroyos,sin_localidad_mas2000,,,,,,9,0,9,0,444,0,,,,,
993A,06861,Vicente López,localidad_unica,radios_clc_unico,alta,06861010,Vicente López,100.00%,30,30,0,16539,0,1,06861010,Vicente López,16539,100.00%,
1000A,06861,Vicente López,localidad_unica,radios_clc_unico,alta,06861010,Vicente López,100.00%,12,12,0,8719,0,1,06861010,Vicente López,8719,100.00%,
1001A,06861,Vicente López,localidad_unica,radios_clc_unico,alta,06861010,Vicente López,100.00%,19,19,0,14502,0,1,06861010,Vicente López,14502,100.00%,
1011A,06875,Villarino,localidad_unica,radios_clc_unico,alta,06875030,Hilario Ascasubi,100.00%,5,4,1,4204,163,1,06875030,Hilario Ascasubi,4204,100.00%,
1013A,06882,Zárate,sin_localidad_mas2000,,,,,,4,0,4,0,396,0,,,,,
314_2,06294,General Arenales,sin_localidad_mas2000,,,,,,1,0,1,0,14,0,,,,,
